latitude,longitude,date,co2_seawater,co2_air_sea_flux,ocean_basin,measurement_method,data_quality
59.21936606260144,-170.9075176192925,2025-05-25 09:17:40.334619,410.5,-1.44,North_Pacific,Underway,Medium
26.583609029701147,-154.3196656842473,2024-09-05 09:17:40.334710,427.3,2.95,North_Pacific,Mooring,High
42.799965906638576,-141.2579391117088,2025-03-28 09:17:40.334766,391.0,1.65,North_Pacific,Underway,High
40.76388041975155,-138.7686855438165,2025-02-24 09:17:40.334810,413.7,0.64,North_Pacific,CTD,High
53.96628196785741,-127.47286966422857,2024-11-25 09:17:40.334855,415.7,-0.33,North_Pacific,Mooring,High
57.69559812490593,-170.78726201870128,2025-04-18 09:17:40.334897,404.8,-3.64,North_Pacific,Mooring,High
54.8537185178905,-161.60410344113095,2025-03-06 09:17:40.334937,416.2,0.64,North_Pacific,Mooring,Medium
40.69186952857655,-148.5075206468226,2024-10-06 09:17:40.334976,405.7,-2.69,North_Pacific,Underway,High
39.4235097878545,-166.88248671153724,2024-11-16 09:17:40.335016,402.5,3.01,North_Pacific,Mooring,High
35.27376614476634,-178.56631043187346,2024-12-10 09:17:40.335055,412.3,-1.49,North_Pacific,Underway,High
20.631453388998054,-155.82959006965996,2025-04-10 09:17:40.335093,408.6,-5.77,North_Pacific,Underway,High
47.04977826891624,-148.25677117533016,2025-04-14 09:17:40.335132,401.9,5.69,North_Pacific,Mooring,High
58.88337780471049,-143.8428702826607,2024-11-19 09:17:40.335170,416.2,-1.87,North_Pacific,Mooring,High
28.793641553676416,-157.80309762752486,2025-07-22 09:17:40.335209,402.5,-5.13,North_Pacific,Underway,High
56.119720073445045,-124.78061363539578,2025-03-20 09:17:40.335248,403.3,3.28,North_Pacific,Underway,High
44.793065497695316,-133.5309040511729,2025-02-15 09:17:40.335286,399.4,-3.87,North_Pacific,CTD,High
25.415996473078412,-174.710268602617,2025-03-13 09:17:40.335323,429.4,2.15,North_Pacific,Underway,High
38.35270928218182,-147.67852020643875,2024-08-09 09:17:40.335361,414.4,6.16,North_Pacific,Mooring,High
22.97562565367905,-128.3987155307789,2025-02-16 09:17:40.335398,431.2,1.06,North_Pacific,Mooring,High
29.757877791338622,-164.8596115953279,2024-08-19 09:17:40.335436,398.2,2.22,North_Pacific,Underway,High
28.416885195695095,-158.0934535541609,2025-05-11 09:17:40.335473,401.5,-1.99,North_Pacific,Underway,High
43.11564152241075,-151.47581401683135,2024-11-16 09:17:40.335513,428.4,2.67,North_Pacific,Mooring,Medium
30.782673967367828,-176.83937477573784,2024-11-04 09:17:40.335551,432.6,-0.16,North_Pacific,Mooring,High
51.62906168523416,-164.04643699407774,2025-05-08 09:17:40.335588,408.0,-1.37,North_Pacific,Underway,Medium
34.904776230835026,-138.1683256929766,2024-12-18 09:17:40.335626,412.1,-1.31,North_Pacific,CTD,Medium
33.50828918702634,-163.94122578759772,2025-02-20 09:17:40.335865,415.4,-2.45,North_Pacific,CTD,Medium
40.20494234532363,-125.59902373026965,2024-12-17 09:17:40.335945,400.2,-0.44,North_Pacific,CTD,High
54.833110324382545,-161.84363269673835,2025-01-14 09:17:40.335994,394.1,1.45,North_Pacific,Underway,High
33.20103786948594,-135.01835455129046,2025-04-05 09:17:40.336037,411.9,-0.13,North_Pacific,Underway,High
51.7755052120924,-123.44816955290547,2025-07-05 09:17:40.336079,412.0,2.13,North_Pacific,Underway,High
59.24944681287727,-139.74237813296497,2025-01-23 09:17:40.336120,409.0,-5.44,North_Pacific,Underway,High
55.11395804122179,-142.41869558422178,2024-08-21 09:17:40.336160,411.7,-1.97,North_Pacific,Mooring,High
26.665688199803057,-138.63738288788053,2025-06-20 09:17:40.336200,404.4,-4.24,North_Pacific,Underway,Medium
32.904686104148794,-132.6228522589914,2024-09-05 09:17:40.336239,400.8,-0.63,North_Pacific,Underway,High
47.10271232295847,-148.5937909371805,2024-08-22 09:17:40.336278,418.9,-1.26,North_Pacific,Mooring,High
38.58850022412513,-168.0430996016675,2025-01-30 09:17:40.336316,404.2,0.57,North_Pacific,Underway,High
35.453307594573545,-172.84581179678588,2024-08-30 09:17:40.336355,434.0,2.66,North_Pacific,Underway,High
46.86243730799592,-157.01152084469584,2024-07-30 09:17:40.336392,408.4,1.61,North_Pacific,Mooring,Medium
20.356220210928136,-120.83522138994275,2025-03-02 09:17:40.336430,400.0,-4.81,North_Pacific,Underway,High
33.498343218489325,-134.92460918132807,2024-10-22 09:17:40.336469,394.2,-1.09,North_Pacific,Underway,High
50.80417900312169,-162.26781062990224,2025-03-29 09:17:40.336506,411.8,-0.81,North_Pacific,Underway,Medium
49.14784771623019,-125.2759424715329,2025-07-13 09:17:40.336545,401.5,4.43,North_Pacific,Underway,High
35.82821021119596,-172.23707719483872,2024-09-21 09:17:40.336585,398.6,-0.55,North_Pacific,Underway,High
59.065881261109595,-133.43908272871377,2024-09-19 09:17:40.336623,416.0,0.8,North_Pacific,Underway,Medium
59.82322056988919,-154.19145462497391,2025-06-08 09:17:40.336661,405.4,-5.56,North_Pacific,Underway,Medium
55.469155382077304,-162.0153534985246,2025-03-10 09:17:40.336698,399.8,1.67,North_Pacific,Underway,High
31.41508721381267,-160.07734059976914,2025-05-09 09:17:40.336736,410.0,-4.4,North_Pacific,Underway,High
52.12038429105226,-151.0695390954048,2024-12-09 09:17:40.336773,409.6,-3.28,North_Pacific,CTD,High
30.725477433869695,-141.700864933799,2024-12-06 09:17:40.336810,416.7,4.55,North_Pacific,Underway,High
29.17653792069632,-168.95848814671936,2024-10-01 09:17:40.336848,425.7,-6.41,North_Pacific,Mooring,Medium
57.99183056683509,-171.7171937653823,2025-01-04 09:17:40.336886,418.7,-2.57,North_Pacific,Underway,Medium
53.4543272332374,-142.37120931611489,2024-09-22 09:17:40.336925,422.6,-0.36,North_Pacific,Underway,High
26.797471016177568,-145.12848398465397,2025-01-17 09:17:40.336980,413.2,2.36,North_Pacific,CTD,High
37.28184458476917,-168.20151663200386,2025-03-11 09:17:40.337058,403.8,0.13,North_Pacific,CTD,High
37.72287085472223,-131.61304305778066,2024-11-14 09:17:40.337106,412.3,0.69,North_Pacific,Underway,High
46.98409889162261,-143.85903266955097,2025-01-22 09:17:40.337149,419.6,-0.84,North_Pacific,Underway,High
39.55125075426848,-157.3220470045787,2025-01-17 09:17:40.337190,398.7,3.57,North_Pacific,Underway,High
56.35247535940548,-172.7662868490249,2024-10-03 09:17:40.337231,411.5,-1.32,North_Pacific,Mooring,High
23.978226395224528,-131.35465468499464,2025-02-06 09:17:40.337271,408.0,-1.49,North_Pacific,Underway,High
39.36320515106884,-138.35242735849323,2024-11-26 09:17:40.337310,425.7,-1.25,North_Pacific,Underway,High
40.19191831605897,-122.05223429282543,2025-02-04 09:17:40.337349,402.6,-2.86,North_Pacific,Underway,High
54.23003622753261,-154.39989899761946,2024-12-28 09:17:40.337387,395.1,3.35,North_Pacific,Underway,High
20.368026298874334,-146.94523314696087,2025-07-21 09:17:40.337464,420.3,-4.26,North_Pacific,Underway,High
37.39143415867818,-145.9722401043253,2024-09-30 09:17:40.337525,421.2,0.19,North_Pacific,Underway,Medium
42.120167426167036,-164.4356942640453,2024-08-19 09:17:40.337571,418.9,-3.07,North_Pacific,Underway,High
23.601844835208972,-170.70636468958492,2024-11-21 09:17:40.337613,407.2,-2.98,North_Pacific,Mooring,High
48.29041424071584,-157.8341174806408,2025-04-18 09:17:40.337654,410.0,0.27,North_Pacific,CTD,High
47.10587439933906,-178.5090832376811,2024-12-01 09:17:40.337695,427.4,0.13,North_Pacific,CTD,High
38.98832656566417,-145.53620539801466,2024-11-01 09:17:40.337734,405.6,-2.4,North_Pacific,Mooring,High
41.713034375779905,-139.47104497054883,2025-07-16 09:17:40.337773,417.2,2.32,North_Pacific,Mooring,Medium
31.103558841093594,-161.9808499866784,2025-01-26 09:17:40.337813,401.6,3.47,North_Pacific,Underway,High
29.93684257598371,-151.3884995896702,2024-12-14 09:17:40.337851,398.2,3.79,North_Pacific,Underway,High
40.519892659355875,-145.21032230670522,2025-06-13 09:17:40.337890,426.6,0.92,North_Pacific,Underway,Medium
33.20220841666649,-164.42685264582553,2025-05-06 09:17:40.337928,394.6,-0.21,North_Pacific,Mooring,Medium
40.269243015823065,-123.94016537192306,2025-03-05 09:17:40.337966,418.4,0.63,North_Pacific,Underway,High
24.653027620804036,-133.59354780966245,2025-05-08 09:17:40.338004,401.4,-3.66,North_Pacific,CTD,High
57.59594841597054,-163.06040251010384,2024-08-15 09:17:40.338041,410.6,2.39,North_Pacific,CTD,High
-46.47400362540325,-104.63243175602645,2024-08-20 09:17:40.338085,394.4,-7.02,South_Pacific,Underway,High
-57.84389336249063,-164.02848061814163,2025-03-31 09:17:40.338124,409.0,2.03,South_Pacific,Underway,Medium
-23.457444365427477,-85.5086422305571,2025-04-07 09:17:40.338162,429.7,0.96,South_Pacific,Underway,High
-57.67961067471201,-170.7104787063129,2025-03-27 09:17:40.338199,418.0,5.45,South_Pacific,Underway,High
-56.41112892106215,-145.16040340009963,2025-06-24 09:17:40.338237,401.7,3.38,South_Pacific,Underway,High
-55.390847453563154,-178.03926368648916,2025-04-21 09:17:40.338274,404.3,-1.88,South_Pacific,Underway,High
-59.417073367977984,-141.87209390815727,2024-08-17 09:17:40.338311,396.2,-3.05,South_Pacific,Mooring,High
-47.84090318325492,-141.58777700725798,2024-08-11 09:17:40.338348,403.3,0.78,South_Pacific,Mooring,High
-56.489754329207436,-155.0209893617015,2025-06-02 09:17:40.338386,398.2,-4.4,South_Pacific,Underway,High
-32.05478303282897,-94.0641893199984,2024-11-03 09:17:40.338423,419.1,0.99,South_Pacific,Underway,Medium
-37.61868538554197,-131.06490009503688,2024-12-21 09:17:40.338460,400.9,-4.2,South_Pacific,Underway,High
-34.27654482468457,-146.19162885132513,2024-08-03 09:17:40.338497,394.6,-0.6,South_Pacific,CTD,High
-53.91426972809009,-147.83518639899523,2025-04-19 09:17:40.338535,400.4,0.82,South_Pacific,Mooring,Medium
-28.50559786895149,-75.75866418955198,2024-08-13 09:17:40.338572,391.2,0.2,South_Pacific,Underway,High
-50.494631085123316,-139.50708056162367,2025-06-29 09:17:40.338609,423.3,-5.88,South_Pacific,Underway,Medium
-20.77249081395552,-154.18646188582608,2025-02-06 09:17:40.338646,407.9,-3.25,South_Pacific,Underway,Medium
-27.035253236682525,-140.25947886781336,2024-08-10 09:17:40.338684,412.0,-2.31,South_Pacific,Underway,High
-59.24246090744823,-141.2833174522371,2025-01-09 09:17:40.338721,402.5,-1.81,South_Pacific,Underway,High
-21.790149898944065,-144.59700287499015,2025-02-13 09:17:40.338758,428.2,4.6,South_Pacific,Underway,Medium
-21.514220353204166,-153.81747561382437,2025-03-29 09:17:40.338797,403.5,0.3,South_Pacific,Underway,High
-25.667855886556442,-164.7887652566428,2025-01-19 09:17:40.338834,420.7,3.16,South_Pacific,Underway,High
-53.305855281784446,-145.89881969135877,2025-06-15 09:17:40.338871,396.9,-2.24,South_Pacific,Mooring,Medium
-30.897753798458236,-88.92916500071902,2024-10-20 09:17:40.338908,393.1,3.49,South_Pacific,Underway,High
-43.87379892748951,-160.80502188882755,2024-12-03 09:17:40.338944,415.1,0.83,South_Pacific,Mooring,High
-21.71388771968717,-91.60719526406166,2025-04-17 09:17:40.338982,405.6,-2.78,South_Pacific,Underway,High
-40.90753351806707,-154.30397255290643,2024-12-03 09:17:40.339019,413.0,-3.76,South_Pacific,Underway,High
-24.07117624268043,-72.73115500270114,2024-11-12 09:17:40.339056,424.2,4.01,South_Pacific,Underway,High
-48.575252653477946,-74.49655642081981,2025-02-01 09:17:40.339093,394.1,2.22,South_Pacific,Underway,Medium
-51.69488144457405,-162.4726544419256,2024-08-28 09:17:40.339130,408.8,-2.19,South_Pacific,CTD,High
-24.500154854123302,-158.33090759979598,2025-04-21 09:17:40.339167,421.0,-1.62,South_Pacific,CTD,Medium
-52.73772656578997,-164.46843219669427,2024-12-16 09:17:40.339204,423.9,-2.88,South_Pacific,Underway,High
-54.602277336975355,-174.4081335703528,2024-08-27 09:17:40.339241,398.7,0.32,South_Pacific,Underway,Medium
-55.670191121472314,-171.97175976537366,2024-11-27 09:17:40.339279,421.8,0.69,South_Pacific,Underway,Medium
-34.57658498073891,-77.1524517180217,2025-06-22 09:17:40.339316,398.8,-0.18,South_Pacific,Mooring,Medium
-49.952631086658236,-176.76752609295585,2025-03-02 09:17:40.339353,406.1,-5.38,South_Pacific,CTD,High
-22.77960542282569,-118.6269713870212,2025-04-13 09:17:40.339390,405.2,1.08,South_Pacific,Underway,High
-58.28510190796981,-163.37481223989965,2024-10-16 09:17:40.339427,399.9,-1.59,South_Pacific,Underway,High
-59.87970936500564,-148.0680703441514,2024-10-04 09:17:40.339464,412.1,0.45,South_Pacific,Mooring,High
-47.60169476202907,-90.77978703534416,2025-02-27 09:17:40.339501,404.5,0.89,South_Pacific,Underway,High
-46.62700060151491,-102.03295981033514,2025-01-14 09:17:40.339539,413.3,-0.28,South_Pacific,Underway,Medium
-53.69969758610908,-76.73378872888776,2024-11-09 09:17:40.339577,390.8,0.03,South_Pacific,Underway,High
-52.87169615601775,-110.28037158473414,2025-06-03 09:17:40.339613,393.7,-2.49,South_Pacific,Mooring,High
-45.7421593876007,-114.89881691711868,2025-05-02 09:17:40.339650,422.1,-0.58,South_Pacific,Underway,High
-30.389326971741646,-107.75637004405303,2025-05-20 09:17:40.339732,408.1,2.64,South_Pacific,Underway,High
-38.26581962926075,-157.76273998942676,2025-04-12 09:17:40.339779,424.7,0.98,South_Pacific,Underway,Medium
-20.17864218995493,-124.34434124585934,2025-03-15 09:17:40.339820,400.3,2.69,South_Pacific,Underway,High
-44.40161710022731,-147.7812823255722,2024-08-21 09:17:40.339859,380.9,2.66,South_Pacific,Underway,High
-52.90189927888609,-104.55051535420294,2024-11-12 09:17:40.339898,409.0,0.08,South_Pacific,CTD,Medium
-20.812890582482773,-122.68712771073768,2024-11-30 09:17:40.339938,407.8,2.67,South_Pacific,Mooring,Medium
-24.28434953463742,-163.8064043138641,2025-05-10 09:17:40.339992,396.8,-2.62,South_Pacific,Underway,High
-22.029318875553614,-154.77538247658637,2024-10-24 09:17:40.340058,416.4,-2.56,South_Pacific,Underway,High
-39.12273824675678,-82.68130951058653,2024-10-21 09:17:40.340129,415.4,-3.53,South_Pacific,Underway,High
-26.138743432417687,-157.40011755498512,2024-12-01 09:17:40.340169,397.9,2.26,South_Pacific,Underway,High
-38.89057076847104,-117.48862261838293,2025-05-21 09:17:40.340207,408.3,-0.13,South_Pacific,CTD,High
-52.32342721431876,-131.91389740014534,2025-04-11 09:17:40.340245,401.2,4.93,South_Pacific,Underway,High
-30.35407941250515,-129.72310299062175,2025-03-11 09:17:40.340282,405.2,-0.97,South_Pacific,Underway,High
-34.407368897364016,-84.40644298116199,2024-11-13 09:17:40.340320,421.2,-2.47,South_Pacific,Mooring,High
-22.810737087926274,-84.64953764839849,2024-08-11 09:17:40.340358,404.1,1.4,South_Pacific,Underway,High
-29.272969419393775,-160.78774935708236,2025-02-08 09:17:40.340395,383.3,-3.02,South_Pacific,Underway,High
-26.340125995267293,-110.26966906478762,2024-08-27 09:17:40.340433,403.7,1.26,South_Pacific,Underway,High
-37.99289429279516,-151.61790243145785,2025-06-24 09:17:40.340470,402.4,-1.97,South_Pacific,Underway,High
-32.957572671089245,-157.69842981653218,2025-06-12 09:17:40.340508,412.2,5.47,South_Pacific,Mooring,High
-53.12464247627143,-115.95932110382935,2024-09-16 09:17:40.340545,409.2,1.64,South_Pacific,Underway,Medium
-33.60887041044545,-117.66066372797877,2025-03-16 09:17:40.340582,400.6,2.99,South_Pacific,Underway,Medium
-40.31647187143474,-175.1731038020487,2025-03-18 09:17:40.340619,394.7,-0.7,South_Pacific,Underway,Medium
-29.40617698859316,-80.45163727787947,2025-05-27 09:17:40.340659,399.1,1.67,South_Pacific,CTD,High
-26.052530482226544,-123.92281054237603,2024-10-16 09:17:40.340697,394.8,1.88,South_Pacific,Mooring,High
-22.846212183116187,-146.3114399011419,2024-12-02 09:17:40.340734,400.6,3.08,South_Pacific,Underway,High
-54.98482293095335,-78.29304004070075,2024-12-06 09:17:40.340771,400.2,-3.31,South_Pacific,Mooring,Medium
-55.91089555608713,-133.12105397417662,2024-12-31 09:17:40.340808,416.8,3.72,South_Pacific,Underway,High
-36.139976259021346,-90.43971272387202,2025-01-03 09:17:40.340845,401.1,1.9,South_Pacific,Mooring,High
-25.58908798453707,-128.02598982397765,2024-08-27 09:17:40.340885,406.3,-0.99,South_Pacific,Mooring,Medium
-22.138351808622986,-134.65537175729926,2025-03-21 09:17:40.340922,421.8,2.1,South_Pacific,Underway,High
-57.73139107182082,-128.21323470485623,2025-06-30 09:17:40.340960,405.9,2.35,South_Pacific,Mooring,High
-40.286167924439425,-173.48078872632976,2024-08-23 09:17:40.340997,407.6,1.37,South_Pacific,CTD,High
-40.97095022638931,-167.40818351984348,2024-09-28 09:17:40.341034,395.6,-2.41,South_Pacific,Underway,High
-35.06210566331793,-98.74540930923105,2024-10-13 09:17:40.341072,405.4,-0.14,South_Pacific,Underway,High
-45.717903694209106,-144.9650581634809,2025-02-05 09:17:40.341109,406.4,3.9,South_Pacific,Underway,High
-26.757986558211936,-96.74349956633161,2024-12-13 09:17:40.341146,424.9,2.55,South_Pacific,CTD,High
29.56046269939191,17.860461710207566,2025-01-31 09:17:40.341187,393.6,-2.06,North_Atlantic,Underway,High
22.356158604260827,17.327405870337273,2025-01-16 09:17:40.341224,398.6,-3.06,North_Atlantic,Underway,Medium
46.55188909672287,-20.842069925334172,2024-09-26 09:17:40.341261,428.6,1.12,North_Atlantic,Mooring,High
25.79679086713631,15.118500584610086,2025-03-22 09:17:40.341298,413.1,3.98,North_Atlantic,Underway,Medium
54.72301508269387,-25.0013064252491,2025-03-14 09:17:40.341335,414.6,-0.82,North_Atlantic,Mooring,Medium
35.66209168459613,-53.38381049249316,2025-01-04 09:17:40.341373,412.5,-0.1,North_Atlantic,Underway,High
23.710367391232094,12.402088929644353,2024-10-30 09:17:40.341409,425.4,0.97,North_Atlantic,Mooring,Medium
64.57491129803606,-65.5659145896111,2024-07-29 09:17:40.341446,413.1,5.53,North_Atlantic,Underway,High
48.60754111104703,1.9856574127398519,2025-04-09 09:17:40.341483,419.6,1.76,North_Atlantic,Mooring,High
36.574124624133,-61.61024221434556,2024-08-25 09:17:40.341520,406.0,2.53,North_Atlantic,Underway,High
47.814159034633214,-30.57961546915627,2025-05-13 09:17:40.341557,413.2,-0.75,North_Atlantic,Underway,Medium
69.18754741911042,0.2352865618222233,2025-05-23 09:17:40.341594,404.6,1.48,North_Atlantic,Mooring,Medium
47.33884822083716,-28.979362323879577,2025-02-02 09:17:40.341631,431.3,-2.92,North_Atlantic,Underway,High
34.120059527070055,-0.08299109111003733,2025-03-04 09:17:40.341668,400.8,2.85,North_Atlantic,Underway,High
45.68764733174771,-6.023829736574736,2024-12-14 09:17:40.341704,409.5,-5.34,North_Atlantic,Underway,Medium
37.151306440943955,-34.79506234454881,2025-07-13 09:17:40.341741,410.6,1.54,North_Atlantic,CTD,High
31.855837043368666,-18.02500583345218,2025-03-14 09:17:40.341778,398.7,4.09,North_Atlantic,Mooring,High
53.565938087225334,-31.06044852489212,2025-01-27 09:17:40.341815,416.6,-3.89,North_Atlantic,Mooring,High
68.71562170372316,12.134839430035859,2024-08-02 09:17:40.341853,414.9,-1.23,North_Atlantic,Underway,High
21.263661895018313,-40.62471781221121,2025-02-27 09:17:40.341889,418.2,0.27,North_Atlantic,Underway,Medium
49.41129615011512,4.76964999439082,2025-04-08 09:17:40.341926,403.7,-1.14,North_Atlantic,Underway,Medium
42.42077304263943,3.1378436198812807,2024-10-12 09:17:40.341963,400.9,-5.68,North_Atlantic,Underway,High
36.8672478063577,-16.991535707346394,2025-05-27 09:17:40.341999,402.5,1.93,North_Atlantic,Mooring,High
67.08891917503476,-69.76035713409026,2024-11-08 09:17:40.342036,408.9,-1.86,North_Atlantic,Mooring,High
67.68713142212229,-51.914855697133234,2025-01-29 09:17:40.342073,412.2,5.27,North_Atlantic,Underway,High
24.105655079574884,5.4536053606395996,2024-09-18 09:17:40.342110,390.8,-1.32,North_Atlantic,Underway,High
29.310859245025576,3.8446531772699855,2024-10-09 09:17:40.342148,428.5,3.42,North_Atlantic,Underway,High
68.58249686784372,13.082038916122476,2025-05-24 09:17:40.342185,409.9,-0.13,North_Atlantic,Underway,High
33.44771195566234,-4.632686194782564,2024-12-09 09:17:40.342222,407.3,-0.24,North_Atlantic,Mooring,High
22.378799094779417,9.84048021177699,2024-09-30 09:17:40.342258,420.4,0.14,North_Atlantic,Mooring,Medium
57.17452016309308,-66.70544726338898,2024-09-25 09:17:40.342295,388.4,2.65,North_Atlantic,Underway,Medium
55.69287902514859,16.837277249766476,2024-08-29 09:17:40.342332,413.3,-0.47,North_Atlantic,CTD,High
42.82109480989147,-18.51133645297114,2025-03-31 09:17:40.342369,411.2,0.42,North_Atlantic,Underway,Medium
68.2302295048854,-37.41742537740178,2025-06-19 09:17:40.342406,406.7,-7.16,North_Atlantic,Underway,High
21.995234797591657,-64.86865496430933,2025-03-13 09:17:40.342442,410.8,-2.05,North_Atlantic,Underway,High
62.03142396444293,-25.125502586539326,2025-03-08 09:17:40.342479,429.7,2.69,North_Atlantic,Underway,High
68.8508772982831,-18.93959226114352,2024-09-25 09:17:40.342515,410.6,0.22,North_Atlantic,Underway,High
30.20230128988696,7.906607994681677,2025-01-24 09:17:40.342552,423.1,-3.26,North_Atlantic,Mooring,High
48.30556234427195,-25.00136496534786,2025-02-11 09:17:40.342588,419.0,5.45,North_Atlantic,Mooring,High
27.745043373506956,-9.750560625586209,2025-01-12 09:17:40.342625,419.1,2.62,North_Atlantic,Underway,Medium
66.3084839257162,-11.454455564008892,2025-05-21 09:17:40.342662,424.4,4.8,North_Atlantic,CTD,High
37.80334571358853,12.88037131499342,2024-10-03 09:17:40.342698,401.5,-1.49,North_Atlantic,Underway,Medium
30.881402763303647,5.246299899752758,2025-07-04 09:17:40.342735,415.3,1.55,North_Atlantic,Underway,High
56.39262188716355,8.418109235853276,2024-08-18 09:17:40.342771,420.4,0.94,North_Atlantic,Mooring,High
65.5827233675557,-5.171648662917901,2025-02-06 09:17:40.342808,424.8,1.75,North_Atlantic,Mooring,High
28.454628103316814,-40.985497448236885,2025-04-17 09:17:40.342845,397.0,-0.83,North_Atlantic,Underway,Medium
35.322057795341685,-50.086363033538355,2024-08-14 09:17:40.342882,426.4,-3.93,North_Atlantic,Underway,High
41.949848317289714,10.135965843814587,2024-12-16 09:17:40.342918,401.8,-0.64,North_Atlantic,Underway,High
41.70430201131967,-44.372407408877926,2025-02-09 09:17:40.342955,416.6,3.76,North_Atlantic,Mooring,Medium
25.438520123455646,-20.887179099912515,2025-02-25 09:17:40.342991,430.9,-1.04,North_Atlantic,Underway,High
51.987701432978085,5.573378917970571,2024-09-21 09:17:40.343028,415.8,3.92,North_Atlantic,CTD,High
27.383569290362736,-3.1665748345177223,2024-08-27 09:17:40.343065,401.7,-4.31,North_Atlantic,Underway,High
56.94832213394283,-56.87013084156005,2025-02-11 09:17:40.343102,418.6,-2.42,North_Atlantic,Underway,High
35.38676720918645,-33.76538342267462,2025-07-10 09:17:40.343138,433.1,1.95,North_Atlantic,Mooring,Medium
68.69340446866724,18.9576264723374,2024-09-12 09:17:40.343175,422.8,2.09,North_Atlantic,CTD,High
43.759129713547075,-11.847411157442515,2024-09-07 09:17:40.343211,409.0,3.35,North_Atlantic,Mooring,High
68.53705773316976,-1.6050558799141479,2024-08-21 09:17:40.343248,427.6,1.38,North_Atlantic,Underway,High
68.76742967164661,19.14351794140087,2025-05-30 09:17:40.343285,407.6,-1.25,North_Atlantic,CTD,High
59.197192971000554,-67.07631127779959,2025-02-06 09:17:40.343321,409.2,-3.47,North_Atlantic,Underway,High
28.116942662993537,2.059712472636599,2024-10-01 09:17:40.343358,417.1,-4.74,North_Atlantic,CTD,High
46.40580896405513,18.66563173278273,2025-02-26 09:17:40.343394,393.1,1.64,North_Atlantic,Underway,Medium
58.86922356512768,-49.963349659909845,2025-03-12 09:17:40.343431,422.3,8.5,North_Atlantic,Underway,High
-43.257946316891044,7.4621479532184765,2025-03-17 09:17:40.343472,406.5,-1.12,South_Atlantic,Underway,High
-47.00704584429027,-30.955651737806942,2025-03-23 09:17:40.343509,430.2,2.47,South_Atlantic,Mooring,High
-28.676350822162778,13.851049227868407,2025-06-23 09:17:40.343546,411.1,4.07,South_Atlantic,Underway,High
-32.405111407699806,5.8061023103171845,2024-10-02 09:17:40.343583,404.6,2.6,South_Atlantic,Underway,High
-52.58787551389788,17.09716292491287,2025-06-14 09:17:40.343619,432.7,-0.69,South_Atlantic,Mooring,High
-56.1087398122243,-25.754194385700707,2025-04-22 09:17:40.343656,407.8,-1.47,South_Atlantic,Underway,High
-37.232021906150834,-21.983414051323198,2024-09-01 09:17:40.343692,419.6,0.43,South_Atlantic,Underway,High
-48.376246962323954,4.354656213236227,2025-07-15 09:17:40.343729,406.9,1.93,South_Atlantic,Underway,High
-41.22442195576706,-16.00868601617869,2025-01-13 09:17:40.343765,405.0,-0.8,South_Atlantic,Mooring,High
-50.227919100218045,-13.56959141434925,2025-05-15 09:17:40.343802,416.7,1.47,South_Atlantic,Mooring,Medium
-52.178588081481,16.9010060879739,2024-07-31 09:17:40.343838,393.6,-2.74,South_Atlantic,Mooring,Medium
-36.649936762169645,-45.50186768553552,2024-10-05 09:17:40.343875,424.3,4.21,South_Atlantic,Underway,High
-57.899197876606955,5.497724882424468,2025-03-02 09:17:40.343911,400.3,2.57,South_Atlantic,Underway,High
-47.34132841893023,11.631046463603314,2024-11-11 09:17:40.343948,402.9,-2.38,South_Atlantic,Underway,Medium
-34.13908378511485,-35.55674124601966,2025-06-02 09:17:40.343984,415.6,-5.82,South_Atlantic,CTD,High
-22.281564972923647,14.480537580547244,2024-12-20 09:17:40.344024,405.4,-1.77,South_Atlantic,Mooring,Medium
-47.626996942342544,-15.919300730533342,2025-05-30 09:17:40.344061,407.5,1.42,South_Atlantic,Underway,High
-30.091029469864083,-15.968326939727275,2024-09-29 09:17:40.344097,422.5,0.66,South_Atlantic,Mooring,High
-36.98063342526005,-36.581572358490874,2025-05-24 09:17:40.344133,411.5,-3.28,South_Atlantic,CTD,High
-20.986164595582828,-16.52927213432636,2025-05-02 09:17:40.344172,419.2,1.9,South_Atlantic,Underway,High
-34.96075930294814,-7.330028537497214,2025-07-05 09:17:40.344209,409.0,9.75,South_Atlantic,CTD,High
-29.25529882526245,-0.700201388197822,2024-11-15 09:17:40.344245,413.6,1.9,South_Atlantic,Mooring,High
-44.05124621210784,-7.291903245872568,2025-06-13 09:17:40.344282,411.7,-0.6,South_Atlantic,Underway,High
-27.432954097471487,-27.607864760795806,2025-04-29 09:17:40.344318,428.3,1.72,South_Atlantic,CTD,High
-32.45817661993213,-19.5710329128483,2024-12-11 09:17:40.344357,417.1,3.09,South_Atlantic,Mooring,Medium
-23.654698048459323,-40.78013265930723,2025-01-05 09:17:40.344394,415.3,-5.58,South_Atlantic,Mooring,High
-24.173779302834713,16.269128340412223,2025-06-29 09:17:40.344430,406.1,-0.63,South_Atlantic,Mooring,High
-23.039174933106608,3.3472173960139373,2025-04-06 09:17:40.344467,404.4,-4.93,South_Atlantic,Underway,High
-45.000914165111745,-40.22740988190971,2024-10-27 09:17:40.344507,426.1,2.54,South_Atlantic,Underway,High
-45.525986190815615,-27.36918092482615,2024-11-29 09:17:40.344545,401.1,0.16,South_Atlantic,CTD,High
-24.18327158250471,-27.67621214131101,2024-09-08 09:17:40.344582,389.4,1.64,South_Atlantic,Underway,High
-34.16469903970167,14.823962715787207,2024-08-27 09:17:40.344619,425.7,1.85,South_Atlantic,Underway,Medium
-23.1235375950296,-48.38231741000427,2025-02-02 09:17:40.344656,397.6,-1.56,South_Atlantic,CTD,Medium
-35.73741937445149,1.4675578283587276,2025-01-16 09:17:40.344693,405.3,-2.57,South_Atlantic,CTD,High
-22.960039638147947,-5.0875829941820285,2025-05-20 09:17:40.344729,427.0,-0.39,South_Atlantic,Mooring,Medium
-43.505678592991266,-20.37813181783615,2024-09-13 09:17:40.344766,403.6,-2.43,South_Atlantic,Underway,Medium
-56.911773526707385,-45.337906082226475,2025-06-04 09:17:40.344805,400.7,0.1,South_Atlantic,Mooring,High
-51.028417405627394,3.826310395789431,2024-11-13 09:17:40.344842,415.1,-1.17,South_Atlantic,Underway,High
-59.952707135300905,-36.29883776500509,2024-11-02 09:17:40.344882,412.1,-7.86,South_Atlantic,Underway,High
-52.598103032708806,-3.064559355339597,2024-08-21 09:17:40.344919,420.8,0.78,South_Atlantic,Underway,High
-52.25492529549192,-35.72847633791149,2025-06-25 09:17:40.344955,405.2,-1.57,South_Atlantic,Underway,Medium
-59.18451457276714,-23.55503852687975,2025-07-08 09:17:40.344992,408.3,-1.48,South_Atlantic,Underway,High
-43.83006953666977,5.022269975664876,2025-01-28 09:17:40.345029,396.6,-1.42,South_Atlantic,Mooring,High
-28.94774121772677,-34.32662622833957,2025-03-24 09:17:40.345069,410.2,-0.1,South_Atlantic,Underway,Medium
-53.2606229531013,-37.17658516605281,2025-02-24 09:17:40.345106,425.1,6.19,South_Atlantic,Underway,High
-50.556031669216146,-17.366183375823372,2025-05-11 09:17:40.345143,381.0,-1.45,South_Atlantic,Underway,High
-49.892173771873665,-7.670576826544261,2024-10-12 09:17:40.345180,421.4,-0.66,South_Atlantic,Mooring,High
-38.491298898434025,-33.71248093458486,2025-05-27 09:17:40.345216,420.0,-2.13,South_Atlantic,Underway,Medium
-36.21542266366212,-47.882326042595395,2025-04-27 09:17:40.345253,409.2,2.68,South_Atlantic,Underway,Medium
-45.980783363980336,-10.309821665061726,2024-11-10 09:17:40.345290,404.2,-4.35,South_Atlantic,CTD,High
-39.127858959597,9.93879454488289,2024-09-14 09:17:40.345326,438.9,-0.56,South_Atlantic,Underway,Medium
-25.802940993780123,-12.320828966064592,2024-11-11 09:17:40.345363,394.2,1.18,South_Atlantic,CTD,High
-58.77034693302492,17.186781638575393,2025-03-02 09:17:40.345400,413.4,-2.65,South_Atlantic,Underway,High
-18.565756585730593,58.691026046872956,2024-12-14 09:17:40.345439,420.5,7.92,Indian_Ocean,Underway,High
12.050849019309679,72.50840180783477,2024-12-28 09:17:40.345476,412.0,-0.47,Indian_Ocean,CTD,High
-47.810048040561185,55.8647786445913,2025-06-08 09:17:40.345512,410.8,1.39,Indian_Ocean,Mooring,High
-52.67162306204466,79.68042874105052,2025-03-03 09:17:40.345549,418.3,3.99,Indian_Ocean,Mooring,High
7.6809228367704145,63.27909114511361,2025-06-09 09:17:40.345585,432.9,1.67,Indian_Ocean,Underway,Medium
7.181259197534033,65.6936746281816,2024-11-21 09:17:40.345622,425.0,3.94,Indian_Ocean,Underway,High
-2.8136496457278506,98.7519837063609,2024-08-05 09:17:40.345659,409.0,-2.73,Indian_Ocean,Mooring,High
-41.586346720319185,33.99616235146641,2025-02-21 09:17:40.345695,398.2,0.33,Indian_Ocean,Underway,High
-18.39776403835831,94.5252479278823,2025-04-10 09:17:40.345731,400.7,3.91,Indian_Ocean,Underway,High
9.42739126971247,30.06589122706054,2025-01-25 09:17:40.345771,403.6,2.54,Indian_Ocean,Underway,High
-0.8081904350335378,118.99630848106457,2024-10-03 09:17:40.345808,397.4,-1.13,Indian_Ocean,Mooring,High
18.572301839453694,105.12734030352574,2024-10-20 09:17:40.345844,393.3,0.7,Indian_Ocean,Underway,Medium
15.123446301323519,110.05165228760785,2025-05-26 09:17:40.345881,408.3,-0.53,Indian_Ocean,Underway,High
-14.318870310231471,111.57711868143899,2025-06-19 09:17:40.345918,414.0,0.61,Indian_Ocean,Underway,Medium
-57.78911887518283,109.5160920397094,2024-12-20 09:17:40.345954,432.1,0.51,Indian_Ocean,Underway,High
-8.541796202264177,83.2806829565988,2025-05-27 09:17:40.345991,399.6,1.82,Indian_Ocean,Underway,High
21.6054698494498,104.71700437381675,2024-08-25 09:17:40.346027,399.3,-1.13,Indian_Ocean,Underway,High
15.088825444717905,75.58034357556103,2024-11-01 09:17:40.346066,392.0,0.25,Indian_Ocean,Underway,Medium
5.8407049356425516,100.26327313912054,2025-01-04 09:17:40.346103,407.3,-1.05,Indian_Ocean,Mooring,High
-8.38507161583473,21.726507741498317,2025-02-27 09:17:40.346217,426.6,-6.67,Indian_Ocean,Mooring,Medium
-28.90794225150472,32.28054608777121,2025-05-09 09:17:40.346280,412.6,3.06,Indian_Ocean,Underway,High
-11.52936936249709,37.17527870419829,2024-10-18 09:17:40.346318,390.3,-1.04,Indian_Ocean,Mooring,High
22.149895653873063,62.3653619061706,2025-06-15 09:17:40.346355,414.7,1.29,Indian_Ocean,Mooring,High
4.093359102336997,27.452815902866416,2025-04-28 09:17:40.346391,400.6,-2.55,Indian_Ocean,Underway,High
-36.87146480501693,26.649039986785432,2025-02-04 09:17:40.346428,406.7,-4.74,Indian_Ocean,Underway,High
-29.348610685731625,76.39580843479538,2025-03-17 09:17:40.346465,397.1,8.93,Indian_Ocean,Underway,High
16.692365058778865,47.29508676614416,2024-12-05 09:17:40.346502,408.9,-3.36,Indian_Ocean,Underway,High
7.554285482383644,76.91746781313437,2024-12-04 09:17:40.346567,397.6,-1.08,Indian_Ocean,Underway,High
-34.95162120720907,57.65894895214209,2024-12-15 09:17:40.346624,390.3,-1.87,Indian_Ocean,Underway,High
-41.59968940171265,97.9683012893525,2024-11-27 09:17:40.346666,397.5,0.1,Indian_Ocean,Underway,High
-11.486975119383315,98.57852451116423,2024-09-30 09:17:40.346706,414.6,-5.03,Indian_Ocean,Underway,High
-25.07974857655775,107.07524169226586,2024-08-10 09:17:40.346745,390.5,1.93,Indian_Ocean,Mooring,High
-38.48807863831275,62.17234482656818,2025-02-23 09:17:40.346783,415.6,1.35,Indian_Ocean,Underway,High
-4.477919120955547,96.27075961799332,2024-08-28 09:17:40.346823,400.8,1.31,Indian_Ocean,Mooring,High
-10.045146333425217,101.39915553784486,2024-12-21 09:17:40.346861,395.8,5.4,Indian_Ocean,Underway,High
2.0537042057170436,116.02725833611684,2024-12-26 09:17:40.346900,396.2,-0.76,Indian_Ocean,Mooring,High
-42.978953327105145,83.19329014513843,2024-11-22 09:17:40.346941,403.0,3.2,Indian_Ocean,Underway,High
-16.61147318954503,66.13741617225256,2024-12-08 09:17:40.347002,406.7,-0.17,Indian_Ocean,Mooring,High
-11.473376705222417,81.73374757231728,2025-01-15 09:17:40.347040,408.2,-6.5,Indian_Ocean,Underway,High
-49.10829362334099,42.853759743824256,2024-10-15 09:17:40.347078,393.2,-1.71,Indian_Ocean,Underway,High
-43.35191369925079,27.499962563291863,2025-01-23 09:17:40.347115,415.8,5.24,Indian_Ocean,Underway,Medium
-51.776527397237174,50.66984991043693,2025-01-14 09:17:40.347153,412.4,-3.83,Indian_Ocean,Mooring,High
-30.265245970342676,99.80867550494042,2025-02-18 09:17:40.347190,418.4,3.59,Indian_Ocean,Underway,Medium
13.5780138884613,91.62070564153265,2024-09-10 09:17:40.347227,400.6,3.89,Indian_Ocean,Underway,Medium
-53.006535543501876,62.41750788046074,2025-07-14 09:17:40.347265,433.3,4.46,Indian_Ocean,Mooring,High
6.11265579895319,47.57131356996976,2025-02-16 09:17:40.347336,400.7,6.39,Indian_Ocean,Mooring,Medium
-28.80001768941369,37.462018383847045,2024-10-07 09:17:40.347390,409.7,-3.47,Indian_Ocean,CTD,High
-19.850206184852944,28.887464183029646,2025-06-06 09:17:40.347432,404.3,0.94,Indian_Ocean,Underway,High
13.597423532746447,112.53504842084557,2025-04-01 09:17:40.347472,406.4,0.87,Indian_Ocean,Underway,High
-11.692771187586992,116.33069086972141,2024-08-21 09:17:40.347511,393.6,1.7,Indian_Ocean,Underway,Medium
-46.893890277953076,100.84071152507816,2024-12-10 09:17:40.347551,413.7,-1.47,Indian_Ocean,Underway,Medium
-22.365746807171856,65.69318577324731,2025-03-31 09:17:40.347590,405.1,0.39,Indian_Ocean,Underway,Medium
0.833490004163609,38.66812344512157,2025-06-10 09:17:40.347628,395.3,0.7,Indian_Ocean,Underway,High
-18.347140302417426,109.840023424113,2025-02-23 09:17:40.347666,407.7,-0.84,Indian_Ocean,Underway,High
9.141065707062307,79.11675969643247,2024-10-28 09:17:40.347703,391.1,4.98,Indian_Ocean,Mooring,High
-28.054661367276942,59.63921471252524,2024-10-14 09:17:40.347741,419.8,-1.59,Indian_Ocean,Underway,High
5.883725154382023,112.77603981020923,2024-09-19 09:17:40.347779,413.0,-0.59,Indian_Ocean,Mooring,High
-2.3620351187465523,66.21847564444623,2025-07-15 09:17:40.347817,410.7,0.87,Indian_Ocean,Mooring,High
-53.216368337928095,45.04153902385511,2025-02-27 09:17:40.347854,406.3,2.82,Indian_Ocean,Underway,Medium
5.3899637563429454,24.487474986425134,2024-08-29 09:17:40.347891,427.5,-1.94,Indian_Ocean,Underway,High
-4.956469479229597,52.88322286559209,2024-07-30 09:17:40.347928,412.1,-6.12,Indian_Ocean,Mooring,High
-0.2771972965856323,72.00304521871034,2025-02-28 09:17:40.347968,400.2,-1.83,Indian_Ocean,Underway,High
-29.516622354979734,119.97678486550497,2025-03-02 09:17:40.348006,421.9,-0.91,Indian_Ocean,CTD,Medium
-55.15119915617506,49.151259986429466,2025-03-19 09:17:40.348043,409.0,4.98,Indian_Ocean,Underway,High
-0.6543227571228588,83.28529984767066,2025-02-05 09:17:40.348080,416.6,-3.6,Indian_Ocean,Underway,High
-50.24968455678381,109.60274938328567,2025-05-17 09:17:40.348117,400.3,-5.83,Indian_Ocean,Mooring,High
-4.20038651580802,110.8887477047922,2025-06-05 09:17:40.348154,402.4,-4.25,Indian_Ocean,Underway,High
17.687071167347177,103.90200767452299,2025-02-20 09:17:40.348191,403.7,6.4,Indian_Ocean,Underway,Medium
-45.05539824063581,58.14812638352142,2025-06-24 09:17:40.348229,405.6,-5.28,Indian_Ocean,Underway,High
-3.997300376480035,50.22459226337423,2025-01-15 09:17:40.348265,394.0,-0.04,Indian_Ocean,Underway,High
-33.876159967436415,73.42642254278549,2025-04-09 09:17:40.348302,415.4,-0.32,Indian_Ocean,CTD,High
-53.20545927853985,80.34714940954498,2025-05-02 09:17:40.348339,415.5,-2.04,Indian_Ocean,Underway,Medium
83.02987277536855,-48.16863266305272,2024-10-01 09:17:40.348380,377.6,-3.47,Arctic_Ocean,Mooring,High
74.85301273834223,8.830946738783542,2025-05-13 09:17:40.348417,400.1,-3.68,Arctic_Ocean,Mooring,High
66.65245136722152,117.32064803398468,2024-11-05 09:17:40.348454,389.5,3.4,Arctic_Ocean,Mooring,High
77.88379434929325,-167.40227472032882,2024-10-11 09:17:40.348491,394.8,-2.22,Arctic_Ocean,Mooring,High
68.03763007576529,-52.45383880226191,2024-11-12 09:17:40.348528,391.5,3.45,Arctic_Ocean,Underway,High
88.13103862712195,152.52332034500856,2024-08-06 09:17:40.348565,406.5,0.9,Arctic_Ocean,Underway,High
82.65809619898997,-155.2382338960705,2024-12-18 09:17:40.348602,398.2,5.8,Arctic_Ocean,Mooring,High
85.66798834707382,-27.138036695927667,2025-02-07 09:17:40.348639,404.3,-0.37,Arctic_Ocean,Underway,High
78.11181674767049,16.459406732280367,2024-12-13 09:17:40.348676,380.0,0.76,Arctic_Ocean,Underway,Medium
65.0012405736845,42.07555578204653,2025-04-23 09:17:40.348713,368.5,1.34,Arctic_Ocean,Mooring,High
80.5660606316499,75.42847213092126,2025-07-07 09:17:40.348751,393.0,-2.39,Arctic_Ocean,Underway,High
67.84031749599421,58.91198410892996,2024-11-01 09:17:40.348788,399.3,-1.54,Arctic_Ocean,Underway,High
88.70489795190508,-20.657266249598326,2024-08-17 09:17:40.348825,378.9,4.91,Arctic_Ocean,Underway,High
81.25621400068134,-73.62097965307522,2024-08-20 09:17:40.348862,380.1,-2.21,Arctic_Ocean,Underway,High
65.93798064310434,6.642169351611962,2024-08-17 09:17:40.348899,401.7,1.9,Arctic_Ocean,Underway,High
66.7184671228995,-69.90225172709552,2024-08-06 09:17:40.348936,406.0,-2.54,Arctic_Ocean,Underway,High
70.10306964009756,174.79396588001387,2025-06-12 09:17:40.348972,378.0,-1.27,Arctic_Ocean,Underway,High
79.4962243308745,-132.8618648863052,2025-01-31 09:17:40.349009,402.0,4.45,Arctic_Ocean,Underway,High
68.5300516903916,-54.65139203040865,2025-04-20 09:17:40.349046,400.3,0.08,Arctic_Ocean,Mooring,High
82.73773084672347,-69.05207646033443,2025-07-18 09:17:40.349082,407.2,1.8,Arctic_Ocean,CTD,Medium
80.31349863010944,-8.708884533329275,2024-09-27 09:17:40.349119,399.2,0.57,Arctic_Ocean,Underway,High
88.98744906383868,58.52695469560521,2024-08-29 09:17:40.349156,389.7,-3.34,Arctic_Ocean,Mooring,High
87.00124417227798,32.770188174594324,2024-08-12 09:17:40.349193,388.9,0.1,Arctic_Ocean,Underway,High
74.64635670583212,-39.07232402319369,2024-08-13 09:17:40.349229,389.1,0.39,Arctic_Ocean,Underway,High
80.17602073292191,-57.63700123133173,2025-06-17 09:17:40.349266,389.5,-2.04,Arctic_Ocean,Mooring,High
83.41186167019242,-169.0896602202362,2024-11-25 09:17:40.349302,378.7,0.98,Arctic_Ocean,Mooring,High
88.21236466381218,-138.39824044561445,2025-06-25 09:17:40.349339,387.1,1.27,Arctic_Ocean,Underway,High
88.39922800063054,-70.4205350931142,2024-11-18 09:17:40.349378,396.2,2.41,Arctic_Ocean,Underway,High
89.33377279850998,-67.28502413872924,2025-05-01 09:17:40.349415,400.7,2.89,Arctic_Ocean,Underway,High
76.40496540971904,136.54198928161938,2025-03-22 09:17:40.349451,388.0,0.8,Arctic_Ocean,Underway,Medium
78.25809820540722,-88.82507044980764,2024-11-14 09:17:40.349490,390.6,2.65,Arctic_Ocean,Underway,High
83.86514005187907,34.50628674797181,2025-07-16 09:17:40.349527,388.8,0.05,Arctic_Ocean,Underway,High
82.88071981841047,-99.1934023782715,2025-07-05 09:17:40.349563,398.0,1.4,Arctic_Ocean,Mooring,High
70.21772090319666,153.08883923382106,2024-09-18 09:17:40.349601,406.5,-3.33,Arctic_Ocean,Underway,Medium
87.88858437936769,71.18368393433171,2025-02-18 09:17:40.349637,387.2,-6.03,Arctic_Ocean,Underway,High
69.27032767771391,165.37664577885428,2024-10-30 09:17:40.349674,405.1,-4.33,Arctic_Ocean,Underway,High
84.55751299013373,-138.87292450076313,2025-05-27 09:17:40.349711,405.6,-3.46,Arctic_Ocean,Underway,High
74.30189864335726,22.862250705057168,2025-02-28 09:17:40.349747,393.4,-5.43,Arctic_Ocean,Underway,High
68.64421300083166,-171.70540398990534,2024-09-30 09:17:40.349783,415.0,0.28,Arctic_Ocean,Underway,High
70.26648195218182,75.96577680196106,2024-12-09 09:17:40.349820,402.2,-0.51,Arctic_Ocean,Underway,Medium
70.73795465588874,97.6705966907513,2025-06-02 09:17:40.349857,400.0,-3.9,Arctic_Ocean,Underway,High
81.55321953075408,-141.33623513510628,2024-08-17 09:17:40.349897,386.0,-7.67,Arctic_Ocean,Underway,High
84.24424994680749,-110.52317262908063,2025-05-31 09:17:40.349935,362.4,-6.54,Arctic_Ocean,Underway,High
76.25152045033161,-89.6981803907346,2025-03-04 09:17:40.349972,388.6,2.98,Arctic_Ocean,CTD,Medium
78.13511937796765,-127.58682069635074,2024-12-02 09:17:40.350011,413.6,3.96,Arctic_Ocean,Underway,Medium
67.8293478228072,78.57955732377421,2025-01-12 09:17:40.350048,396.5,-1.39,Arctic_Ocean,Mooring,High
65.72814770610373,159.92931737712817,2024-09-12 09:17:40.350085,396.9,-7.01,Arctic_Ocean,Underway,High
79.8824589200578,-32.72529830667812,2025-05-05 09:17:40.350122,388.8,1.63,Arctic_Ocean,Mooring,High
74.34264125988584,-159.63183232798485,2024-12-10 09:17:40.350159,404.4,-2.99,Arctic_Ocean,Underway,High
81.25226287022707,-67.88793322848271,2024-11-23 09:17:40.350195,394.1,-0.59,Arctic_Ocean,Underway,Medium
73.90018186462825,95.92508705343822,2024-12-16 09:17:40.350232,385.3,2.7,Arctic_Ocean,Underway,High
69.42017649115945,-11.611600891189454,2025-01-09 09:17:40.350269,392.4,-0.31,Arctic_Ocean,Mooring,High
80.61438943504331,-125.73370907175591,2025-05-28 09:17:40.350321,405.2,-2.78,Arctic_Ocean,Underway,High
84.5835800449371,116.18983278174655,2025-07-18 09:17:40.350362,379.8,4.13,Arctic_Ocean,Underway,High
71.50123945563702,127.8199256192182,2024-12-24 09:17:40.350399,404.5,-2.34,Arctic_Ocean,Underway,High
76.73460308603958,132.91340143792607,2024-10-06 09:17:40.350435,392.6,-1.17,Arctic_Ocean,Underway,High
78.70754323791397,-112.16965278975184,2025-01-29 09:17:40.350472,373.5,-0.3,Arctic_Ocean,Underway,High
77.27897923293516,174.14854123786708,2025-07-18 09:17:40.350508,387.4,-2.39,Arctic_Ocean,Underway,Medium
66.05514175106853,-163.08577219899584,2025-03-12 09:17:40.350546,402.4,-1.49,Arctic_Ocean,CTD,Medium
78.9377285475657,53.70944297747192,2025-05-01 09:17:40.350583,399.6,0.47,Arctic_Ocean,CTD,High
85.60659855521298,-111.10654401747641,2024-10-09 09:17:40.350620,382.0,-5.38,Arctic_Ocean,Mooring,High
88.9561925488094,-153.63649022530936,2024-08-27 09:17:40.350656,404.0,3.01,Arctic_Ocean,Underway,High
78.13289833106279,-149.76225854096842,2025-07-11 09:17:40.350692,406.5,-0.58,Arctic_Ocean,Mooring,High
68.9621109925803,-106.48319910464389,2024-08-10 09:17:40.350729,383.7,-3.14,Arctic_Ocean,Mooring,High
87.647314415633,32.728692512438734,2025-05-13 09:17:40.350765,390.9,1.64,Arctic_Ocean,Mooring,High
80.96887919813521,-12.61368674810408,2025-05-02 09:17:40.350801,398.1,5.7,Arctic_Ocean,Underway,High
79.82981083726945,178.73804486110689,2024-09-24 09:17:40.350838,379.7,-0.84,Arctic_Ocean,Mooring,Medium
65.8256649485828,-22.74358034116252,2024-08-29 09:17:40.350875,396.1,1.65,Arctic_Ocean,Mooring,High
82.31998069986038,13.848813546783255,2024-11-30 09:17:40.350912,388.4,3.41,Arctic_Ocean,Underway,High
83.94160991754879,34.34485063986744,2025-02-01 09:17:40.350948,402.9,4.21,Arctic_Ocean,Mooring,Medium
89.64414155741532,149.71608504576483,2025-03-28 09:17:40.350985,386.2,3.43,Arctic_Ocean,Underway,High
75.90789996709876,44.3302714256283,2025-02-06 09:17:40.351022,379.9,-2.46,Arctic_Ocean,Underway,High
81.73685759719883,66.96231972334832,2024-10-22 09:17:40.351078,401.6,6.41,Arctic_Ocean,Underway,High
69.04402684563034,128.71604265963254,2024-12-23 09:17:40.351122,385.8,2.88,Arctic_Ocean,Mooring,High
79.64355111539054,13.777962772694575,2025-04-01 09:17:40.351161,391.6,-2.42,Arctic_Ocean,Mooring,High
65.22018718894437,178.29061171162607,2025-01-26 09:17:40.351199,381.1,3.09,Arctic_Ocean,Mooring,High
89.99876142037945,-139.767083936768,2025-07-09 09:17:40.351236,384.3,-3.76,Arctic_Ocean,Underway,Medium
71.71967903395617,-160.64816255134866,2025-06-29 09:17:40.351273,405.4,-4.1,Arctic_Ocean,Underway,High
66.66754423450953,-103.8802830707566,2024-10-01 09:17:40.351313,387.5,0.65,Arctic_Ocean,Underway,High
74.1656926469903,-99.37902570825993,2024-09-13 09:17:40.351350,383.9,-3.37,Arctic_Ocean,Mooring,Medium
71.3060341832097,-12.35975994493777,2025-03-24 09:17:40.351389,381.6,2.44,Arctic_Ocean,Underway,High
-61.03814744108319,111.216952189186,2025-05-30 09:17:40.351430,384.3,4.0,Southern_Ocean,Underway,High
-89.56884314958558,41.026334514888134,2024-09-07 09:17:40.351467,392.8,1.34,Southern_Ocean,Mooring,Medium
-89.81691196737061,12.56713190568469,2025-03-28 09:17:40.351504,385.5,6.52,Southern_Ocean,Underway,High
-77.08010248935683,137.29466846022657,2024-08-07 09:17:40.351542,403.2,-7.44,Southern_Ocean,Underway,High
-66.3393888680539,171.38419902623937,2025-05-24 09:17:40.351579,382.9,-2.11,Southern_Ocean,Underway,High
-51.661654461945005,-1.4148523969483762,2024-07-29 09:17:40.351616,387.6,-4.54,Southern_Ocean,Underway,High
-78.6095560468765,80.34394323149832,2025-01-19 09:17:40.351653,389.6,0.08,Southern_Ocean,Underway,High
-55.08018947544697,17.619029381296194,2024-10-29 09:17:40.351689,381.3,2.97,Southern_Ocean,Underway,Medium
-76.071065502208,-51.427424753044434,2025-04-23 09:17:40.351726,399.2,5.04,Southern_Ocean,Underway,High
-58.938357840217236,124.90260750338247,2025-06-01 09:17:40.351763,367.8,5.62,Southern_Ocean,Underway,High
-86.43144953829226,1.3080050739759752,2025-04-21 09:17:40.351800,389.7,1.37,Southern_Ocean,Underway,High
-52.60158494947519,-168.92697569629206,2025-07-18 09:17:40.351836,376.9,1.44,Southern_Ocean,Mooring,High
-54.092662216396064,-119.4805796692819,2024-08-22 09:17:40.351873,367.2,-1.07,Southern_Ocean,Mooring,High
-83.50814468409182,15.70716214454945,2024-11-16 09:17:40.351910,397.8,-4.65,Southern_Ocean,Underway,High
-73.9226247049534,160.01795707498485,2025-02-05 09:17:40.351946,380.7,2.31,Southern_Ocean,Underway,Medium
-89.81788220080176,-78.85381857027224,2024-10-27 09:17:40.351983,381.7,3.06,Southern_Ocean,Mooring,Medium
-50.81431797610487,71.05088119967634,2025-02-22 09:17:40.352019,366.3,-5.3,Southern_Ocean,Underway,High
-60.56803783642454,168.3850951141289,2024-12-29 09:17:40.352055,368.3,3.51,Southern_Ocean,Underway,High
-87.89861179464596,32.81531229719681,2024-10-26 09:17:40.352092,377.7,5.53,Southern_Ocean,CTD,Medium
-64.2306432674426,156.64911731296857,2025-04-07 09:17:40.352129,357.5,-4.15,Southern_Ocean,Underway,High
-53.51346175081285,6.994220076318385,2025-03-04 09:17:40.352166,380.7,-0.55,Southern_Ocean,CTD,High
-75.56261693034975,17.580653591661815,2025-01-27 09:17:40.352203,376.8,0.93,Southern_Ocean,CTD,High
-86.34795424057225,18.013002201698846,2025-01-05 09:17:40.352239,393.6,2.78,Southern_Ocean,Underway,High
-65.0876890308886,-125.36691531833388,2024-11-27 09:17:40.352276,364.1,-0.51,Southern_Ocean,Underway,High
-84.97565443747126,-162.23860849596636,2024-08-17 09:17:40.352312,380.7,-0.77,Southern_Ocean,Mooring,High
-81.96312134071135,-80.90458376192096,2025-06-11 09:17:40.352349,387.6,-5.04,Southern_Ocean,Underway,Medium
-77.0662019912931,160.6521545643039,2025-07-08 09:17:40.352386,399.3,1.15,Southern_Ocean,CTD,High
-83.23025473947925,22.36290721796297,2025-06-20 09:17:40.352422,376.8,-3.0,Southern_Ocean,CTD,High
-85.50697336808656,63.22684155096437,2025-01-14 09:17:40.352458,380.9,0.6,Southern_Ocean,Mooring,High
-85.18336828675531,-171.90511551927466,2025-03-22 09:17:40.352495,390.1,-3.04,Southern_Ocean,Underway,Medium
-75.79917928882722,-0.49583254385522135,2025-01-04 09:17:40.352532,380.3,3.47,Southern_Ocean,Underway,High
-64.59856355822214,111.65980202671716,2024-12-31 09:17:40.352579,372.2,-1.95,Southern_Ocean,CTD,High
-51.383674104219224,-171.99053079381278,2024-10-06 09:17:40.352616,387.1,-7.13,Southern_Ocean,Mooring,High
-75.5093159108524,-135.22182443770632,2024-08-18 09:17:40.352654,380.1,4.87,Southern_Ocean,Mooring,High
-57.14053595569049,-137.12499819444608,2024-10-18 09:17:40.352691,387.7,3.51,Southern_Ocean,Underway,High
-73.93919034261204,-145.4167735253041,2024-07-31 09:17:40.352727,387.1,0.08,Southern_Ocean,Underway,High
-69.27638977104804,-97.75971306208808,2025-03-28 09:17:40.352764,376.7,2.69,Southern_Ocean,Underway,Medium
-75.35097326828969,130.9238752470592,2025-06-16 09:17:40.352800,382.7,0.69,Southern_Ocean,Underway,High
-57.188396733815736,103.32705847514198,2025-05-13 09:17:40.352837,376.6,2.35,Southern_Ocean,Underway,High
-65.34647587583282,-87.8797473612033,2024-08-31 09:17:40.352874,385.2,3.34,Southern_Ocean,Mooring,Medium
-55.60493276176273,170.08440332199496,2024-12-09 09:17:40.352910,382.3,-0.28,Southern_Ocean,Underway,Medium
-80.69748007855722,72.03599604650309,2025-06-24 09:17:40.352947,374.3,-2.88,Southern_Ocean,Underway,High
-88.68330383782303,-136.64135840938022,2025-05-27 09:17:40.352983,369.5,2.53,Southern_Ocean,Underway,High
-73.50784533952826,67.23534043303411,2025-03-26 09:17:40.353019,359.6,-6.7,Southern_Ocean,Underway,High
-58.13255002429791,147.1315268143227,2025-04-02 09:17:40.353055,367.7,-3.29,Southern_Ocean,Underway,High
-78.32719150413448,44.71083175698403,2024-09-24 09:17:40.353092,397.0,5.45,Southern_Ocean,Mooring,High
-79.01867206950709,-140.15632909236933,2025-05-30 09:17:40.353129,390.0,2.27,Southern_Ocean,Underway,High
-61.42425247946148,12.368011678305294,2025-06-12 09:17:40.353165,373.7,-0.65,Southern_Ocean,Underway,High
-56.05576259025236,-117.63190474839833,2025-07-12 09:17:40.353201,394.1,-1.78,Southern_Ocean,CTD,High
-51.512835179417905,-21.602142185399448,2024-08-05 09:17:40.353238,397.2,2.2,Southern_Ocean,Mooring,High
-75.72915377794126,140.62528401619053,2024-08-07 09:17:40.353356,389.8,-3.32,Southern_Ocean,Underway,High
-60.17217245456194,-142.30403619951608,2025-04-02 09:17:40.353442,375.2,-2.73,Southern_Ocean,Underway,Medium
-64.44528401555169,147.25056001694506,2025-07-11 09:17:40.353563,387.9,-0.95,Southern_Ocean,Underway,High
-64.69754674303746,-42.84318938937644,2025-03-23 09:17:40.353615,395.4,-1.29,Southern_Ocean,Mooring,High
-64.6797536663446,20.310429109739545,2024-09-13 09:17:40.353657,371.8,2.26,Southern_Ocean,Underway,High
-52.05270053456324,154.93041669013323,2025-01-26 09:17:40.353698,371.2,1.81,Southern_Ocean,Underway,High
-60.317187504802085,-43.7896595981984,2025-06-15 09:17:40.353738,398.9,-3.72,Southern_Ocean,Underway,High
-51.453474943248246,-112.96064408800474,2025-07-07 09:17:40.353777,392.8,-0.67,Southern_Ocean,Mooring,High
-81.03329822359844,-135.35875401099358,2024-12-30 09:17:40.353828,390.0,3.09,Southern_Ocean,Mooring,Medium
-58.13241870920239,-74.29082563141432,2025-02-17 09:17:40.353868,368.9,2.27,Southern_Ocean,Underway,High
-54.48209524050554,83.02643716710035,2025-01-23 09:17:40.353907,371.3,-1.33,Southern_Ocean,CTD,High
-66.5436266892505,-144.15066154492064,2024-10-12 09:17:40.353945,382.3,0.55,Southern_Ocean,Underway,High
-60.363993089864564,-115.9355467439898,2024-11-06 09:17:40.353984,392.8,1.67,Southern_Ocean,Mooring,Medium
-88.03558074654867,-134.98854388842636,2024-09-01 09:17:40.354022,392.9,-2.89,Southern_Ocean,Mooring,Medium
-84.05053202732735,-146.49281688157828,2024-12-27 09:17:40.354059,393.9,-2.14,Southern_Ocean,Underway,High
-76.24156422602428,-37.59315542689587,2025-05-22 09:17:40.354097,374.4,0.97,Southern_Ocean,Mooring,Medium
-89.16192187836317,152.7712956408829,2025-03-25 09:17:40.354135,381.8,3.94,Southern_Ocean,Underway,High
-85.90123497472632,109.48609484901851,2024-08-15 09:17:40.354175,401.7,-0.83,Southern_Ocean,Underway,High
-76.93276481230266,10.599791644787416,2024-09-03 09:17:40.354213,380.4,6.02,Southern_Ocean,Underway,High
-62.13332689852522,3.174151725247616,2025-04-18 09:17:40.354250,389.8,1.85,Southern_Ocean,Mooring,High
-73.91942265312807,126.15135462439991,2024-12-06 09:17:40.354287,395.0,-1.43,Southern_Ocean,Underway,High
-67.54648168497064,-36.29988041074582,2024-12-08 09:17:40.354324,361.4,-1.66,Southern_Ocean,Mooring,Medium
-51.88538812029637,-159.59633191235594,2024-08-09 09:17:40.354361,394.4,-3.41,Southern_Ocean,Underway,Medium
