latitude,longitude,date,ph_total,co2_partial_pressure,dissolved_oxygen,temperature,salinity,station_name,data_quality,measurement_type
22.75,-158.0,2025-07-24 09:17:40.317655,8.056,407.2,7.0,23.7,35.14,Hawaii_HOT,High,Direct
22.75,-158.0,2025-06-24 09:17:40.317720,8.055,407.3,6.21,25.0,35.83,Hawaii_HOT,High,Direct
22.75,-158.0,2025-05-25 09:17:40.317745,8.043,407.9,6.29,23.7,35.63,Hawaii_HOT,High,Direct
22.75,-158.0,2025-04-25 09:17:40.317766,8.051,407.5,6.16,20.0,34.95,Hawaii_HOT,High,Direct
22.75,-158.0,2025-03-26 09:17:40.317784,8.064,406.8,6.18,15.0,34.78,Hawaii_HOT,High,Direct
22.75,-158.0,2025-02-24 09:17:40.317802,8.035,408.3,7.6,10.0,36.09,Hawaii_HOT,High,Direct
22.75,-158.0,2025-01-25 09:17:40.317820,8.042,407.9,6.69,6.3,35.37,Hawaii_HOT,High,Direct
22.75,-158.0,2024-12-26 09:17:40.317837,8.044,407.8,6.03,5.0,35.59,Hawaii_HOT,High,Direct
22.75,-158.0,2024-11-26 09:17:40.317854,8.019,409.1,6.18,6.3,35.45,Hawaii_HOT,High,Direct
22.75,-158.0,2024-10-27 09:17:40.317870,8.024,408.8,6.43,10.0,34.57,Hawaii_HOT,High,Direct
22.75,-158.0,2024-09-27 09:17:40.317888,8.046,407.7,5.1,15.0,34.11,Hawaii_HOT,High,Direct
22.75,-158.0,2024-08-28 09:17:40.317904,8.051,407.4,6.96,20.0,34.91,Hawaii_HOT,High,Direct
22.75,-158.0,2024-07-29 09:17:40.317921,8.065,406.7,6.84,23.7,34.56,Hawaii_HOT,High,Direct
22.75,-158.0,2024-06-29 09:17:40.317938,8.071,406.5,6.1,25.0,34.14,Hawaii_HOT,High,Direct
22.75,-158.0,2024-05-30 09:17:40.317954,8.061,406.9,6.79,23.7,35.17,Hawaii_HOT,High,Direct
22.75,-158.0,2024-04-30 09:17:40.317971,8.057,407.1,7.7,20.0,35.21,Hawaii_HOT,High,Direct
22.75,-158.0,2024-03-31 09:17:40.317987,8.057,407.1,7.62,15.0,34.35,Hawaii_HOT,High,Direct
22.75,-158.0,2024-03-01 09:17:40.318004,8.037,408.2,7.37,15.0,34.6,Hawaii_HOT,High,Direct
22.75,-158.0,2024-01-31 09:17:40.318020,8.03,408.5,7.03,6.3,35.45,Hawaii_HOT,High,Direct
22.75,-158.0,2024-01-01 09:17:40.318036,8.047,407.6,7.25,6.3,35.53,Hawaii_HOT,High,Direct
22.75,-158.0,2023-12-02 09:17:40.318053,8.019,409.1,6.9,5.0,35.16,Hawaii_HOT,High,Direct
22.75,-158.0,2023-11-02 09:17:40.318070,8.016,409.2,7.21,6.3,35.4,Hawaii_HOT,High,Direct
22.75,-158.0,2023-10-03 09:17:40.318086,8.037,408.2,6.38,10.0,34.4,Hawaii_HOT,High,Direct
22.75,-158.0,2023-09-03 09:17:40.318102,8.048,407.6,6.73,15.0,34.58,Hawaii_HOT,High,Direct
22.75,-158.0,2023-08-04 09:17:40.318118,8.068,406.6,5.95,20.0,33.94,Hawaii_HOT,High,Direct
22.75,-158.0,2023-07-05 09:17:40.318135,8.074,406.3,6.3,23.7,34.94,Hawaii_HOT,High,Direct
22.75,-158.0,2023-06-05 09:17:40.318151,8.057,407.1,5.7,25.0,35.63,Hawaii_HOT,High,Direct
22.75,-158.0,2023-05-06 09:17:40.318168,8.056,407.2,7.33,23.7,35.4,Hawaii_HOT,High,Direct
22.75,-158.0,2023-04-06 09:17:40.318184,8.052,407.4,5.96,20.0,34.63,Hawaii_HOT,High,Direct
22.75,-158.0,2023-03-07 09:17:40.318201,8.033,408.3,7.54,15.0,35.08,Hawaii_HOT,High,Direct
22.75,-158.0,2023-02-05 09:17:40.318217,8.047,407.7,5.87,10.0,35.09,Hawaii_HOT,High,Direct
22.75,-158.0,2023-01-06 09:17:40.318233,8.039,408.0,6.33,6.3,35.52,Hawaii_HOT,High,Direct
22.75,-158.0,2022-12-07 09:17:40.318249,8.014,409.3,5.82,5.0,35.19,Hawaii_HOT,High,Direct
22.75,-158.0,2022-11-07 09:17:40.318266,8.023,408.8,6.82,6.3,34.01,Hawaii_HOT,High,Direct
22.75,-158.0,2022-10-08 09:17:40.318282,8.041,407.9,7.8,10.0,34.99,Hawaii_HOT,High,Direct
22.75,-158.0,2022-09-08 09:17:40.318299,8.045,407.8,6.59,15.0,34.07,Hawaii_HOT,High,Direct
22.75,-158.0,2022-08-09 09:17:40.318315,8.058,407.1,5.7,20.0,34.79,Hawaii_HOT,High,Direct
22.75,-158.0,2022-07-10 09:17:40.318331,8.074,406.3,6.13,23.7,35.25,Hawaii_HOT,High,Direct
22.75,-158.0,2022-06-10 09:17:40.318348,8.074,406.3,6.64,25.0,34.31,Hawaii_HOT,High,Direct
22.75,-158.0,2022-05-11 09:17:40.318364,8.057,407.1,7.48,23.7,33.99,Hawaii_HOT,High,Direct
22.75,-158.0,2022-04-11 09:17:40.318380,8.051,407.5,6.22,20.0,35.06,Hawaii_HOT,High,Direct
22.75,-158.0,2022-03-12 09:17:40.318396,8.051,407.5,7.3,15.0,34.86,Hawaii_HOT,High,Direct
22.75,-158.0,2022-02-10 09:17:40.318412,8.041,407.9,6.75,10.0,35.24,Hawaii_HOT,High,Direct
22.75,-158.0,2022-01-11 09:17:40.318428,8.02,409.0,6.0,6.3,34.45,Hawaii_HOT,High,Direct
22.75,-158.0,2021-12-12 09:17:40.318445,8.015,409.2,6.66,5.0,35.38,Hawaii_HOT,High,Direct
22.75,-158.0,2021-11-12 09:17:40.318461,8.028,408.6,6.23,6.3,35.9,Hawaii_HOT,High,Direct
22.75,-158.0,2021-10-13 09:17:40.318477,8.048,407.6,6.32,10.0,34.59,Hawaii_HOT,High,Direct
22.75,-158.0,2021-09-13 09:17:40.318494,8.043,407.8,7.13,15.0,35.17,Hawaii_HOT,High,Direct
22.75,-158.0,2021-08-14 09:17:40.318510,8.058,407.1,6.39,20.0,35.23,Hawaii_HOT,High,Direct
22.75,-158.0,2021-07-15 09:17:40.318526,8.075,406.3,6.38,23.7,35.07,Hawaii_HOT,High,Direct
22.75,-158.0,2021-06-15 09:17:40.318543,8.064,406.8,6.64,25.0,34.29,Hawaii_HOT,High,Direct
22.75,-158.0,2021-05-16 09:17:40.318559,8.04,408.0,5.99,23.7,35.08,Hawaii_HOT,High,Direct
22.75,-158.0,2021-04-16 09:17:40.318574,8.057,407.2,6.23,20.0,35.69,Hawaii_HOT,High,Direct
22.75,-158.0,2021-03-17 09:17:40.318591,8.04,408.0,6.51,15.0,34.9,Hawaii_HOT,High,Direct
22.75,-158.0,2021-02-15 09:17:40.318607,8.032,408.4,6.85,10.0,35.33,Hawaii_HOT,High,Direct
22.75,-158.0,2021-01-16 09:17:40.318623,8.015,409.3,7.26,6.3,34.45,Hawaii_HOT,High,Direct
22.75,-158.0,2020-12-17 09:17:40.318639,8.021,408.9,6.36,5.0,34.48,Hawaii_HOT,High,Direct
22.75,-158.0,2020-11-17 09:17:40.318655,8.022,408.9,6.13,6.3,35.04,Hawaii_HOT,High,Direct
22.75,-158.0,2020-10-18 09:17:40.318672,8.034,408.3,7.24,10.0,35.15,Hawaii_HOT,High,Direct
22.75,-158.0,2020-09-18 09:17:40.318688,8.034,408.3,6.3,15.0,35.07,Hawaii_HOT,High,Direct
36.8,-121.9,2025-07-24 09:17:40.318705,7.968,411.6,7.23,23.7,35.7,Monterey_Bay,High,Direct
36.8,-121.9,2025-06-24 09:17:40.318722,7.966,411.7,6.23,25.0,33.72,Monterey_Bay,High,Direct
36.8,-121.9,2025-05-25 09:17:40.318738,7.961,411.9,6.01,23.7,34.82,Monterey_Bay,High,Direct
36.8,-121.9,2025-04-25 09:17:40.318754,7.963,411.8,6.59,20.0,34.99,Monterey_Bay,High,Direct
36.8,-121.9,2025-03-26 09:17:40.318770,7.951,412.4,6.44,15.0,35.1,Monterey_Bay,High,Direct
36.8,-121.9,2025-02-24 09:17:40.318787,7.907,414.7,6.37,10.0,34.94,Monterey_Bay,High,Direct
36.8,-121.9,2025-01-25 09:17:40.318803,7.928,413.6,6.39,6.3,35.35,Monterey_Bay,High,Direct
36.8,-121.9,2024-12-26 09:17:40.318820,7.923,413.9,7.6,5.0,35.34,Monterey_Bay,High,Direct
36.8,-121.9,2024-11-26 09:17:40.318836,7.931,413.4,6.4,6.3,34.96,Monterey_Bay,High,Direct
36.8,-121.9,2024-10-27 09:17:40.318852,7.929,413.5,6.45,10.0,35.14,Monterey_Bay,High,Direct
36.8,-121.9,2024-09-27 09:17:40.318869,7.954,412.3,6.79,15.0,34.86,Monterey_Bay,High,Direct
36.8,-121.9,2024-08-28 09:17:40.318885,7.944,412.8,6.17,20.0,35.81,Monterey_Bay,High,Direct
36.8,-121.9,2024-07-29 09:17:40.318901,7.974,411.3,6.68,23.7,34.62,Monterey_Bay,High,Direct
36.8,-121.9,2024-06-29 09:17:40.318917,7.968,411.6,5.87,25.0,34.72,Monterey_Bay,High,Direct
36.8,-121.9,2024-05-30 09:17:40.318934,7.963,411.9,6.32,23.7,35.48,Monterey_Bay,High,Direct
36.8,-121.9,2024-04-30 09:17:40.318950,7.943,412.8,6.07,20.0,34.31,Monterey_Bay,High,Direct
36.8,-121.9,2024-03-31 09:17:40.318966,7.935,413.3,6.56,15.0,34.2,Monterey_Bay,High,Direct
36.8,-121.9,2024-03-01 09:17:40.318983,7.955,412.3,6.38,15.0,35.03,Monterey_Bay,High,Direct
36.8,-121.9,2024-01-31 09:17:40.319000,7.933,413.4,6.28,6.3,35.52,Monterey_Bay,High,Direct
36.8,-121.9,2024-01-01 09:17:40.319017,7.928,413.6,6.8,6.3,34.9,Monterey_Bay,High,Direct
36.8,-121.9,2023-12-02 09:17:40.319033,7.93,413.5,6.64,5.0,35.12,Monterey_Bay,High,Direct
36.8,-121.9,2023-11-02 09:17:40.319050,7.919,414.0,6.72,6.3,34.84,Monterey_Bay,High,Direct
36.8,-121.9,2023-10-03 09:17:40.319066,7.943,412.9,5.42,10.0,34.27,Monterey_Bay,High,Direct
36.8,-121.9,2023-09-03 09:17:40.319083,7.95,412.5,7.43,15.0,35.42,Monterey_Bay,High,Direct
36.8,-121.9,2023-08-04 09:17:40.319195,7.949,412.5,5.65,20.0,35.37,Monterey_Bay,High,Direct
36.8,-121.9,2023-07-05 09:17:40.319265,7.962,411.9,6.8,23.7,35.06,Monterey_Bay,High,Direct
36.8,-121.9,2023-06-05 09:17:40.319289,7.966,411.7,7.98,25.0,35.0,Monterey_Bay,High,Direct
36.8,-121.9,2023-05-06 09:17:40.319308,7.961,411.9,6.44,23.7,34.71,Monterey_Bay,High,Direct
36.8,-121.9,2023-04-06 09:17:40.319326,7.965,411.7,6.32,20.0,35.32,Monterey_Bay,High,Direct
36.8,-121.9,2023-03-07 09:17:40.319357,7.948,412.6,7.11,15.0,35.21,Monterey_Bay,High,Direct
36.8,-121.9,2023-02-05 09:17:40.319375,7.923,413.9,5.84,10.0,35.7,Monterey_Bay,High,Direct
36.8,-121.9,2023-01-06 09:17:40.319392,7.921,413.9,5.84,6.3,34.67,Monterey_Bay,High,Direct
36.8,-121.9,2022-12-07 09:17:40.319408,7.937,413.1,5.79,5.0,34.57,Monterey_Bay,High,Direct
36.8,-121.9,2022-11-07 09:17:40.319425,7.921,414.0,5.87,6.3,34.41,Monterey_Bay,High,Direct
36.8,-121.9,2022-10-08 09:17:40.319441,7.919,414.0,6.27,10.0,34.82,Monterey_Bay,High,Direct
36.8,-121.9,2022-09-08 09:17:40.319457,7.937,413.1,5.67,15.0,35.63,Monterey_Bay,High,Direct
36.8,-121.9,2022-08-09 09:17:40.319474,7.941,413.0,6.64,20.0,34.46,Monterey_Bay,High,Direct
36.8,-121.9,2022-07-10 09:17:40.319490,7.968,411.6,6.98,23.7,34.56,Monterey_Bay,High,Direct
36.8,-121.9,2022-06-10 09:17:40.319506,7.944,412.8,6.85,25.0,35.94,Monterey_Bay,High,Direct
36.8,-121.9,2022-05-11 09:17:40.319563,7.965,411.8,6.58,23.7,35.41,Monterey_Bay,High,Direct
36.8,-121.9,2022-04-11 09:17:40.319582,7.961,412.0,6.09,20.0,34.67,Monterey_Bay,High,Direct
36.8,-121.9,2022-03-12 09:17:40.319599,7.949,412.5,6.43,15.0,35.66,Monterey_Bay,High,Direct
36.8,-121.9,2022-02-10 09:17:40.319626,7.926,413.7,6.88,10.0,35.17,Monterey_Bay,High,Direct
36.8,-121.9,2022-01-11 09:17:40.319652,7.924,413.8,7.09,6.3,35.34,Monterey_Bay,High,Direct
36.8,-121.9,2021-12-12 09:17:40.319721,7.913,414.4,6.82,5.0,35.69,Monterey_Bay,High,Direct
36.8,-121.9,2021-11-12 09:17:40.319741,7.924,413.8,6.38,6.3,34.67,Monterey_Bay,High,Direct
36.8,-121.9,2021-10-13 09:17:40.319760,7.932,413.4,6.84,10.0,34.59,Monterey_Bay,High,Direct
36.8,-121.9,2021-09-13 09:17:40.319778,7.929,413.6,6.31,15.0,34.31,Monterey_Bay,High,Direct
36.8,-121.9,2021-08-14 09:17:40.319795,7.957,412.1,6.29,20.0,34.12,Monterey_Bay,High,Direct
36.8,-121.9,2021-07-15 09:17:40.319813,7.956,412.2,6.4,23.7,35.22,Monterey_Bay,High,Direct
36.8,-121.9,2021-06-15 09:17:40.319830,7.96,412.0,7.43,25.0,34.74,Monterey_Bay,High,Direct
36.8,-121.9,2021-05-16 09:17:40.319847,7.958,412.1,6.45,23.7,34.86,Monterey_Bay,High,Direct
36.8,-121.9,2021-04-16 09:17:40.319864,7.953,412.4,6.77,20.0,35.67,Monterey_Bay,High,Direct
36.8,-121.9,2021-03-17 09:17:40.319880,7.925,413.7,6.24,15.0,34.78,Monterey_Bay,High,Direct
36.8,-121.9,2021-02-15 09:17:40.319897,7.94,413.0,6.32,10.0,34.05,Monterey_Bay,High,Direct
36.8,-121.9,2021-01-16 09:17:40.319927,7.924,413.8,6.48,6.3,35.09,Monterey_Bay,High,Direct
36.8,-121.9,2020-12-17 09:17:40.319944,7.91,414.5,7.36,5.0,34.84,Monterey_Bay,High,Direct
36.8,-121.9,2020-11-17 09:17:40.319994,7.921,413.9,6.05,6.3,34.53,Monterey_Bay,High,Direct
36.8,-121.9,2020-10-18 09:17:40.320012,7.918,414.1,6.3,10.0,34.52,Monterey_Bay,High,Direct
36.8,-121.9,2020-09-18 09:17:40.320029,7.961,412.0,5.56,15.0,34.44,Monterey_Bay,High,Direct
50.1,-144.9,2025-07-24 09:17:40.320047,8.013,409.3,6.84,23.7,34.79,Papa_Station,High,Direct
50.1,-144.9,2025-06-24 09:17:40.320094,8.027,408.7,6.01,25.0,35.03,Papa_Station,High,Direct
50.1,-144.9,2025-05-25 09:17:40.320113,8.034,408.3,6.02,23.7,35.21,Papa_Station,High,Direct
50.1,-144.9,2025-04-25 09:17:40.320131,8.012,409.4,5.37,20.0,34.71,Papa_Station,High,Direct
50.1,-144.9,2025-03-26 09:17:40.320147,8.011,409.5,6.57,15.0,34.39,Papa_Station,High,Direct
50.1,-144.9,2025-02-24 09:17:40.320164,7.996,410.2,6.26,10.0,35.18,Papa_Station,High,Direct
50.1,-144.9,2025-01-25 09:17:40.320181,7.985,410.7,5.94,6.3,35.39,Papa_Station,High,Direct
50.1,-144.9,2024-12-26 09:17:40.320197,7.969,411.6,5.85,5.0,34.56,Papa_Station,High,Direct
50.1,-144.9,2024-11-26 09:17:40.320214,7.978,411.1,6.55,6.3,34.61,Papa_Station,High,Direct
50.1,-144.9,2024-10-27 09:17:40.320231,7.996,410.2,6.63,10.0,34.65,Papa_Station,High,Direct
50.1,-144.9,2024-09-27 09:17:40.320248,8.007,409.6,7.08,15.0,34.95,Papa_Station,High,Direct
50.1,-144.9,2024-08-28 09:17:40.320264,8.006,409.7,5.61,20.0,34.8,Papa_Station,High,Direct
50.1,-144.9,2024-07-29 09:17:40.320281,8.012,409.4,6.62,23.7,34.92,Papa_Station,High,Direct
50.1,-144.9,2024-06-29 09:17:40.320297,8.02,409.0,7.27,25.0,34.74,Papa_Station,High,Direct
50.1,-144.9,2024-05-30 09:17:40.320314,8.01,409.5,5.85,23.7,35.0,Papa_Station,High,Direct
50.1,-144.9,2024-04-30 09:17:40.320331,8.017,409.1,5.62,20.0,34.67,Papa_Station,High,Direct
50.1,-144.9,2024-03-31 09:17:40.320347,7.998,410.1,6.93,15.0,35.19,Papa_Station,High,Direct
50.1,-144.9,2024-03-01 09:17:40.320364,8.0,410.0,6.39,15.0,35.24,Papa_Station,High,Direct
50.1,-144.9,2024-01-31 09:17:40.320380,7.99,410.5,5.65,6.3,35.36,Papa_Station,High,Direct
50.1,-144.9,2024-01-01 09:17:40.320397,7.979,411.1,6.24,6.3,33.78,Papa_Station,High,Direct
50.1,-144.9,2023-12-02 09:17:40.320413,7.963,411.9,7.35,5.0,34.66,Papa_Station,High,Direct
50.1,-144.9,2023-11-02 09:17:40.320429,7.968,411.6,6.27,6.3,34.63,Papa_Station,High,Direct
50.1,-144.9,2023-10-03 09:17:40.320446,7.988,410.6,7.26,10.0,34.71,Papa_Station,High,Direct
50.1,-144.9,2023-09-03 09:17:40.320462,7.998,410.1,5.93,15.0,35.76,Papa_Station,High,Direct
50.1,-144.9,2023-08-04 09:17:40.320479,8.008,409.6,5.96,20.0,35.45,Papa_Station,High,Direct
50.1,-144.9,2023-07-05 09:17:40.320495,8.025,408.7,6.58,23.7,34.18,Papa_Station,High,Direct
50.1,-144.9,2023-06-05 09:17:40.320511,8.034,408.3,6.66,25.0,35.59,Papa_Station,High,Direct
50.1,-144.9,2023-05-06 09:17:40.320529,8.007,409.6,6.3,23.7,35.06,Papa_Station,High,Direct
50.1,-144.9,2023-04-06 09:17:40.320546,8.016,409.2,6.57,20.0,34.37,Papa_Station,High,Direct
50.1,-144.9,2023-03-07 09:17:40.320562,7.998,410.1,7.31,15.0,35.03,Papa_Station,High,Direct
50.1,-144.9,2023-02-05 09:17:40.320579,7.986,410.7,5.87,10.0,34.3,Papa_Station,High,Direct
50.1,-144.9,2023-01-06 09:17:40.320595,7.971,411.4,6.34,6.3,35.05,Papa_Station,High,Direct
50.1,-144.9,2022-12-07 09:17:40.320612,7.976,411.2,7.3,5.0,35.03,Papa_Station,High,Direct
50.1,-144.9,2022-11-07 09:17:40.320628,7.988,410.6,6.48,6.3,35.72,Papa_Station,High,Direct
50.1,-144.9,2022-10-08 09:17:40.320645,7.966,411.7,6.2,10.0,35.49,Papa_Station,High,Direct
50.1,-144.9,2022-09-08 09:17:40.320661,7.992,410.4,6.97,15.0,35.19,Papa_Station,High,Direct
50.1,-144.9,2022-08-09 09:17:40.320678,8.013,409.3,6.81,20.0,35.34,Papa_Station,High,Direct
50.1,-144.9,2022-07-10 09:17:40.320694,8.026,408.7,6.99,23.7,35.5,Papa_Station,High,Direct
50.1,-144.9,2022-06-10 09:17:40.320710,8.014,409.3,6.21,25.0,34.67,Papa_Station,High,Direct
50.1,-144.9,2022-05-11 09:17:40.320727,8.018,409.1,5.28,23.7,34.35,Papa_Station,High,Direct
50.1,-144.9,2022-04-11 09:17:40.320743,7.994,410.3,6.38,20.0,33.68,Papa_Station,High,Direct
50.1,-144.9,2022-03-12 09:17:40.320759,8.006,409.7,6.8,15.0,35.99,Papa_Station,High,Direct
50.1,-144.9,2022-02-10 09:17:40.320776,7.994,410.3,7.02,10.0,36.13,Papa_Station,High,Direct
50.1,-144.9,2022-01-11 09:17:40.320792,7.97,411.5,5.75,6.3,34.88,Papa_Station,High,Direct
50.1,-144.9,2021-12-12 09:17:40.320809,7.964,411.8,6.37,5.0,34.47,Papa_Station,High,Direct
50.1,-144.9,2021-11-12 09:17:40.320825,7.981,411.0,6.76,6.3,34.99,Papa_Station,High,Direct
50.1,-144.9,2021-10-13 09:17:40.320841,7.985,410.7,6.43,10.0,35.38,Papa_Station,High,Direct
50.1,-144.9,2021-09-13 09:17:40.320858,7.993,410.4,6.37,15.0,35.46,Papa_Station,High,Direct
50.1,-144.9,2021-08-14 09:17:40.320874,8.015,409.3,7.17,20.0,34.5,Papa_Station,High,Direct
50.1,-144.9,2021-07-15 09:17:40.320891,8.004,409.8,5.65,23.7,34.88,Papa_Station,High,Direct
50.1,-144.9,2021-06-15 09:17:40.320907,8.016,409.2,6.43,25.0,35.97,Papa_Station,High,Direct
50.1,-144.9,2021-05-16 09:17:40.320923,8.005,409.8,5.96,23.7,35.28,Papa_Station,High,Direct
50.1,-144.9,2021-04-16 09:17:40.320940,8.003,409.9,6.77,20.0,35.15,Papa_Station,High,Direct
50.1,-144.9,2021-03-17 09:17:40.320957,7.994,410.3,5.44,15.0,34.64,Papa_Station,High,Direct
50.1,-144.9,2021-02-15 09:17:40.320973,7.975,411.2,6.33,10.0,34.78,Papa_Station,High,Direct
50.1,-144.9,2021-01-16 09:17:40.320989,7.978,411.1,6.8,6.3,34.43,Papa_Station,High,Direct
50.1,-144.9,2020-12-17 09:17:40.321005,7.978,411.1,6.79,5.0,35.23,Papa_Station,High,Direct
50.1,-144.9,2020-11-17 09:17:40.321022,7.959,412.0,6.72,6.3,35.04,Papa_Station,High,Direct
50.1,-144.9,2020-10-18 09:17:40.321040,7.99,410.5,7.39,10.0,35.79,Papa_Station,High,Direct
50.1,-144.9,2020-09-18 09:17:40.321057,7.991,410.4,6.5,15.0,35.32,Papa_Station,High,Direct
31.7,-64.2,2025-07-24 09:17:40.321074,8.086,405.7,5.77,23.7,34.76,Bermuda_BATS,High,Direct
31.7,-64.2,2025-06-24 09:17:40.321091,8.112,404.4,6.33,25.0,35.75,Bermuda_BATS,High,Direct
31.7,-64.2,2025-05-25 09:17:40.321107,8.069,406.5,5.71,23.7,34.94,Bermuda_BATS,High,Direct
31.7,-64.2,2025-04-25 09:17:40.321124,8.098,405.1,6.47,20.0,34.95,Bermuda_BATS,High,Direct
31.7,-64.2,2025-03-26 09:17:40.321140,8.078,406.1,5.62,15.0,35.58,Bermuda_BATS,High,Direct
31.7,-64.2,2025-02-24 09:17:40.321157,8.062,406.9,7.04,10.0,34.96,Bermuda_BATS,High,Direct
31.7,-64.2,2025-01-25 09:17:40.321173,8.072,406.4,6.67,6.3,34.95,Bermuda_BATS,High,Direct
31.7,-64.2,2024-12-26 09:17:40.321189,8.061,406.9,5.76,5.0,35.0,Bermuda_BATS,High,Direct
31.7,-64.2,2024-11-26 09:17:40.321206,8.079,406.1,7.15,6.3,34.51,Bermuda_BATS,High,Direct
31.7,-64.2,2024-10-27 09:17:40.321223,8.074,406.3,6.62,10.0,35.41,Bermuda_BATS,High,Direct
31.7,-64.2,2024-09-27 09:17:40.321240,8.079,406.0,6.38,15.0,35.67,Bermuda_BATS,High,Direct
31.7,-64.2,2024-08-28 09:17:40.321256,8.09,405.5,7.13,20.0,35.49,Bermuda_BATS,High,Direct
31.7,-64.2,2024-07-29 09:17:40.321273,8.092,405.4,6.42,23.7,35.96,Bermuda_BATS,High,Direct
31.7,-64.2,2024-06-29 09:17:40.321290,8.1,405.0,6.12,25.0,34.4,Bermuda_BATS,High,Direct
31.7,-64.2,2024-05-30 09:17:40.321306,8.105,404.8,6.58,23.7,34.6,Bermuda_BATS,High,Direct
31.7,-64.2,2024-04-30 09:17:40.321322,8.094,405.3,6.58,20.0,34.17,Bermuda_BATS,High,Direct
31.7,-64.2,2024-03-31 09:17:40.321339,8.083,405.8,7.17,15.0,36.28,Bermuda_BATS,High,Direct
31.7,-64.2,2024-03-01 09:17:40.321355,8.078,406.1,6.62,15.0,35.8,Bermuda_BATS,High,Direct
31.7,-64.2,2024-01-31 09:17:40.321372,8.061,406.9,6.64,6.3,34.68,Bermuda_BATS,High,Direct
31.7,-64.2,2024-01-01 09:17:40.321388,8.046,407.7,6.96,6.3,34.36,Bermuda_BATS,High,Direct
31.7,-64.2,2023-12-02 09:17:40.321405,8.068,406.6,6.11,5.0,35.13,Bermuda_BATS,High,Direct
31.7,-64.2,2023-11-02 09:17:40.321421,8.055,407.2,7.09,6.3,35.15,Bermuda_BATS,High,Direct
31.7,-64.2,2023-10-03 09:17:40.321438,8.086,405.7,5.96,10.0,35.21,Bermuda_BATS,High,Direct
31.7,-64.2,2023-09-03 09:17:40.321454,8.077,406.2,6.64,15.0,35.8,Bermuda_BATS,High,Direct
31.7,-64.2,2023-08-04 09:17:40.321470,8.092,405.4,5.93,20.0,35.27,Bermuda_BATS,High,Direct
31.7,-64.2,2023-07-05 09:17:40.321487,8.089,405.6,6.26,23.7,35.52,Bermuda_BATS,High,Direct
31.7,-64.2,2023-06-05 09:17:40.321503,8.09,405.5,6.31,25.0,35.02,Bermuda_BATS,High,Direct
31.7,-64.2,2023-05-06 09:17:40.321519,8.102,404.9,6.79,23.7,34.88,Bermuda_BATS,High,Direct
31.7,-64.2,2023-04-06 09:17:40.321536,8.083,405.9,5.92,20.0,34.62,Bermuda_BATS,High,Direct
31.7,-64.2,2023-03-07 09:17:40.321552,8.069,406.6,6.43,15.0,35.99,Bermuda_BATS,High,Direct
31.7,-64.2,2023-02-05 09:17:40.321568,8.058,407.1,6.35,10.0,33.97,Bermuda_BATS,High,Direct
31.7,-64.2,2023-01-06 09:17:40.321585,8.064,406.8,5.71,6.3,34.55,Bermuda_BATS,High,Direct
31.7,-64.2,2022-12-07 09:17:40.321601,8.065,406.7,5.45,5.0,35.05,Bermuda_BATS,High,Direct
31.7,-64.2,2022-11-07 09:17:40.321618,8.065,406.7,7.26,6.3,34.54,Bermuda_BATS,High,Direct
31.7,-64.2,2022-10-08 09:17:40.321634,8.058,407.1,7.4,10.0,34.99,Bermuda_BATS,High,Direct
31.7,-64.2,2022-09-08 09:17:40.321651,8.067,406.7,6.14,15.0,34.51,Bermuda_BATS,High,Direct
31.7,-64.2,2022-08-09 09:17:40.321667,8.08,406.0,7.04,20.0,35.44,Bermuda_BATS,High,Direct
31.7,-64.2,2022-07-10 09:17:40.321683,8.079,406.0,6.61,23.7,34.8,Bermuda_BATS,High,Direct
31.7,-64.2,2022-06-10 09:17:40.321700,8.101,404.9,6.42,25.0,35.19,Bermuda_BATS,High,Direct
31.7,-64.2,2022-05-11 09:17:40.321716,8.089,405.5,5.41,23.7,35.02,Bermuda_BATS,High,Direct
31.7,-64.2,2022-04-11 09:17:40.321733,8.071,406.5,6.87,20.0,34.66,Bermuda_BATS,High,Direct
31.7,-64.2,2022-03-12 09:17:40.321749,8.067,406.6,6.5,15.0,35.29,Bermuda_BATS,High,Direct
31.7,-64.2,2022-02-10 09:17:40.321765,8.061,406.9,7.32,10.0,35.82,Bermuda_BATS,High,Direct
31.7,-64.2,2022-01-11 09:17:40.321782,8.073,406.4,6.38,6.3,34.26,Bermuda_BATS,High,Direct
31.7,-64.2,2021-12-12 09:17:40.321798,8.065,406.8,6.29,5.0,35.02,Bermuda_BATS,High,Direct
31.7,-64.2,2021-11-12 09:17:40.321815,8.061,406.9,5.7,6.3,35.81,Bermuda_BATS,High,Direct
31.7,-64.2,2021-10-13 09:17:40.321831,8.071,406.4,6.68,10.0,35.45,Bermuda_BATS,High,Direct
31.7,-64.2,2021-09-13 09:17:40.321847,8.078,406.1,6.56,15.0,34.85,Bermuda_BATS,High,Direct
31.7,-64.2,2021-08-14 09:17:40.321864,8.075,406.3,6.64,20.0,35.18,Bermuda_BATS,High,Direct
31.7,-64.2,2021-07-15 09:17:40.321881,8.1,405.0,6.6,23.7,34.57,Bermuda_BATS,High,Direct
31.7,-64.2,2021-06-15 09:17:40.321898,8.076,406.2,6.44,25.0,34.99,Bermuda_BATS,High,Direct
31.7,-64.2,2021-05-16 09:17:40.321914,8.088,405.6,5.73,23.7,35.54,Bermuda_BATS,High,Direct
31.7,-64.2,2021-04-16 09:17:40.321931,8.092,405.4,6.09,20.0,35.4,Bermuda_BATS,High,Direct
31.7,-64.2,2021-03-17 09:17:40.321947,8.081,406.0,6.52,15.0,34.53,Bermuda_BATS,High,Direct
31.7,-64.2,2021-02-15 09:17:40.321963,8.077,406.1,6.69,10.0,34.87,Bermuda_BATS,High,Direct
31.7,-64.2,2021-01-16 09:17:40.321980,8.061,406.9,7.31,6.3,34.75,Bermuda_BATS,High,Direct
31.7,-64.2,2020-12-17 09:17:40.321996,8.058,407.1,7.47,5.0,34.44,Bermuda_BATS,High,Direct
31.7,-64.2,2020-11-17 09:17:40.322012,8.048,407.6,6.2,6.3,34.92,Bermuda_BATS,High,Direct
31.7,-64.2,2020-10-18 09:17:40.322028,8.058,407.1,6.65,10.0,34.59,Bermuda_BATS,High,Direct
31.7,-64.2,2020-09-18 09:17:40.322045,8.064,406.8,6.65,15.0,35.08,Bermuda_BATS,High,Direct
60.0,-20.0,2025-07-24 09:17:40.322062,8.146,402.7,6.7,23.7,35.39,Iceland_Basin,High,Direct
60.0,-20.0,2025-06-24 09:17:40.322078,8.128,403.6,6.31,25.0,35.92,Iceland_Basin,High,Direct
60.0,-20.0,2025-05-25 09:17:40.322095,8.141,403.0,6.87,23.7,35.14,Iceland_Basin,High,Direct
60.0,-20.0,2025-04-25 09:17:40.322112,8.134,403.3,6.38,20.0,36.79,Iceland_Basin,High,Direct
60.0,-20.0,2025-03-26 09:17:40.322128,8.115,404.2,6.48,15.0,33.79,Iceland_Basin,High,Direct
60.0,-20.0,2025-02-24 09:17:40.322144,8.12,404.0,6.22,10.0,34.97,Iceland_Basin,High,Direct
60.0,-20.0,2025-01-25 09:17:40.322161,8.096,405.2,6.43,6.3,34.86,Iceland_Basin,High,Direct
60.0,-20.0,2024-12-26 09:17:40.322177,8.098,405.1,6.47,5.0,34.92,Iceland_Basin,High,Direct
60.0,-20.0,2024-11-26 09:17:40.322195,8.1,405.0,7.15,6.3,35.44,Iceland_Basin,High,Direct
60.0,-20.0,2024-10-27 09:17:40.322211,8.117,404.1,6.13,10.0,35.63,Iceland_Basin,High,Direct
60.0,-20.0,2024-09-27 09:17:40.322228,8.13,403.5,6.22,15.0,35.76,Iceland_Basin,High,Direct
60.0,-20.0,2024-08-28 09:17:40.322244,8.121,403.9,5.58,20.0,35.55,Iceland_Basin,High,Direct
60.0,-20.0,2024-07-29 09:17:40.322261,8.134,403.3,6.99,23.7,34.62,Iceland_Basin,High,Direct
60.0,-20.0,2024-06-29 09:17:40.322277,8.125,403.7,7.12,25.0,34.3,Iceland_Basin,High,Direct
60.0,-20.0,2024-05-30 09:17:40.322293,8.119,404.0,5.54,23.7,33.6,Iceland_Basin,High,Direct
60.0,-20.0,2024-04-30 09:17:40.322310,8.117,404.1,5.42,20.0,34.98,Iceland_Basin,High,Direct
60.0,-20.0,2024-03-31 09:17:40.322326,8.095,405.3,5.95,15.0,36.17,Iceland_Basin,High,Direct
60.0,-20.0,2024-03-01 09:17:40.322342,8.121,404.0,6.53,15.0,34.19,Iceland_Basin,High,Direct
60.0,-20.0,2024-01-31 09:17:40.322359,8.097,405.1,6.52,6.3,34.2,Iceland_Basin,High,Direct
60.0,-20.0,2024-01-01 09:17:40.322375,8.101,405.0,7.1,6.3,34.83,Iceland_Basin,High,Direct
60.0,-20.0,2023-12-02 09:17:40.322391,8.095,405.3,5.48,5.0,34.3,Iceland_Basin,High,Direct
60.0,-20.0,2023-11-02 09:17:40.322408,8.11,404.5,6.17,6.3,34.54,Iceland_Basin,High,Direct
60.0,-20.0,2023-10-03 09:17:40.322424,8.099,405.0,6.47,10.0,34.42,Iceland_Basin,High,Direct
60.0,-20.0,2023-09-03 09:17:40.322441,8.117,404.1,5.82,15.0,35.39,Iceland_Basin,High,Direct
60.0,-20.0,2023-08-04 09:17:40.322457,8.115,404.2,7.16,20.0,34.99,Iceland_Basin,High,Direct
60.0,-20.0,2023-07-05 09:17:40.322474,8.125,403.8,6.96,23.7,34.31,Iceland_Basin,High,Direct
60.0,-20.0,2023-06-05 09:17:40.322490,8.13,403.5,6.5,25.0,34.94,Iceland_Basin,High,Direct
60.0,-20.0,2023-05-06 09:17:40.322506,8.113,404.4,6.04,23.7,35.08,Iceland_Basin,High,Direct
60.0,-20.0,2023-04-06 09:17:40.322523,8.112,404.4,7.13,20.0,35.25,Iceland_Basin,High,Direct
60.0,-20.0,2023-03-07 09:17:40.322539,8.11,404.5,6.39,15.0,35.93,Iceland_Basin,High,Direct
60.0,-20.0,2023-02-05 09:17:40.322556,8.114,404.3,6.69,10.0,34.29,Iceland_Basin,High,Direct
60.0,-20.0,2023-01-06 09:17:40.322572,8.114,404.3,7.03,6.3,34.93,Iceland_Basin,High,Direct
60.0,-20.0,2022-12-07 09:17:40.322588,8.089,405.5,6.41,5.0,34.4,Iceland_Basin,High,Direct
60.0,-20.0,2022-11-07 09:17:40.322604,8.092,405.4,6.88,6.3,34.1,Iceland_Basin,High,Direct
60.0,-20.0,2022-10-08 09:17:40.322621,8.101,404.9,6.56,10.0,35.05,Iceland_Basin,High,Direct
60.0,-20.0,2022-09-08 09:17:40.322637,8.102,404.9,5.91,15.0,35.54,Iceland_Basin,High,Direct
60.0,-20.0,2022-08-09 09:17:40.322653,8.112,404.4,7.0,20.0,34.76,Iceland_Basin,High,Direct
60.0,-20.0,2022-07-10 09:17:40.322670,8.142,402.9,6.29,23.7,34.42,Iceland_Basin,High,Direct
60.0,-20.0,2022-06-10 09:17:40.322686,8.142,402.9,6.49,25.0,35.72,Iceland_Basin,High,Direct
60.0,-20.0,2022-05-11 09:17:40.322702,8.14,403.0,6.39,23.7,34.78,Iceland_Basin,High,Direct
60.0,-20.0,2022-04-11 09:17:40.322718,8.124,403.8,6.6,20.0,34.56,Iceland_Basin,High,Direct
60.0,-20.0,2022-03-12 09:17:40.322735,8.122,403.9,6.3,15.0,34.79,Iceland_Basin,High,Direct
60.0,-20.0,2022-02-10 09:17:40.322752,8.098,405.1,6.62,10.0,34.65,Iceland_Basin,High,Direct
60.0,-20.0,2022-01-11 09:17:40.322768,8.097,405.2,7.88,6.3,34.97,Iceland_Basin,High,Direct
60.0,-20.0,2021-12-12 09:17:40.322785,8.088,405.6,5.67,5.0,35.03,Iceland_Basin,High,Direct
60.0,-20.0,2021-11-12 09:17:40.322801,8.084,405.8,6.31,6.3,35.08,Iceland_Basin,High,Direct
60.0,-20.0,2021-10-13 09:17:40.322817,8.085,405.7,6.58,10.0,35.15,Iceland_Basin,High,Direct
60.0,-20.0,2021-09-13 09:17:40.322834,8.099,405.0,6.3,15.0,34.08,Iceland_Basin,High,Direct
60.0,-20.0,2021-08-14 09:17:40.322851,8.138,403.1,6.67,20.0,34.91,Iceland_Basin,High,Direct
60.0,-20.0,2021-07-15 09:17:40.322867,8.128,403.6,7.07,23.7,34.95,Iceland_Basin,High,Direct
60.0,-20.0,2021-06-15 09:17:40.322884,8.135,403.3,7.26,25.0,34.83,Iceland_Basin,High,Direct
60.0,-20.0,2021-05-16 09:17:40.322900,8.118,404.1,6.09,23.7,35.71,Iceland_Basin,High,Direct
60.0,-20.0,2021-04-16 09:17:40.322916,8.122,403.9,6.25,20.0,35.49,Iceland_Basin,High,Direct
60.0,-20.0,2021-03-17 09:17:40.322932,8.121,403.9,6.26,15.0,34.51,Iceland_Basin,High,Direct
60.0,-20.0,2021-02-15 09:17:40.322949,8.085,405.7,5.6,10.0,34.87,Iceland_Basin,High,Direct
60.0,-20.0,2021-01-16 09:17:40.322965,8.085,405.8,7.43,6.3,35.03,Iceland_Basin,High,Direct
60.0,-20.0,2020-12-17 09:17:40.322981,8.071,406.4,7.21,5.0,35.08,Iceland_Basin,High,Direct
60.0,-20.0,2020-11-17 09:17:40.322998,8.1,405.0,6.84,6.3,35.15,Iceland_Basin,High,Direct
60.0,-20.0,2020-10-18 09:17:40.323014,8.106,404.7,6.62,10.0,34.45,Iceland_Basin,High,Direct
60.0,-20.0,2020-09-18 09:17:40.323030,8.114,404.3,7.01,15.0,34.89,Iceland_Basin,High,Direct
16.0,-24.0,2025-07-24 09:17:40.323047,8.083,405.9,6.71,23.7,35.91,Cape_Verde,High,Direct
16.0,-24.0,2025-06-24 09:17:40.323063,8.077,406.1,6.35,25.0,34.94,Cape_Verde,High,Direct
16.0,-24.0,2025-05-25 09:17:40.323079,8.076,406.2,5.36,23.7,34.68,Cape_Verde,High,Direct
16.0,-24.0,2025-04-25 09:17:40.323096,8.072,406.4,6.5,20.0,34.6,Cape_Verde,High,Direct
16.0,-24.0,2025-03-26 09:17:40.323112,8.053,407.4,6.32,15.0,34.6,Cape_Verde,High,Direct
16.0,-24.0,2025-02-24 09:17:40.323128,8.044,407.8,6.23,10.0,35.45,Cape_Verde,High,Direct
16.0,-24.0,2025-01-25 09:17:40.323144,8.052,407.4,6.97,6.3,35.21,Cape_Verde,High,Direct
16.0,-24.0,2024-12-26 09:17:40.323161,8.032,408.4,6.98,5.0,34.84,Cape_Verde,High,Direct
16.0,-24.0,2024-11-26 09:17:40.323177,8.042,407.9,7.17,6.3,35.04,Cape_Verde,High,Direct
16.0,-24.0,2024-10-27 09:17:40.323194,8.051,407.5,5.79,10.0,35.24,Cape_Verde,High,Direct
16.0,-24.0,2024-09-27 09:17:40.323210,8.049,407.6,7.01,15.0,34.91,Cape_Verde,High,Direct
16.0,-24.0,2024-08-28 09:17:40.323227,8.046,407.7,6.32,20.0,34.89,Cape_Verde,High,Direct
16.0,-24.0,2024-07-29 09:17:40.323243,8.08,406.0,6.84,23.7,34.84,Cape_Verde,High,Direct
16.0,-24.0,2024-06-29 09:17:40.323259,8.088,405.6,4.92,25.0,34.64,Cape_Verde,High,Direct
16.0,-24.0,2024-05-30 09:17:40.323276,8.064,406.8,5.87,23.7,35.48,Cape_Verde,High,Direct
16.0,-24.0,2024-04-30 09:17:40.323293,8.076,406.2,6.11,20.0,35.59,Cape_Verde,High,Direct
16.0,-24.0,2024-03-31 09:17:40.323309,8.058,407.1,6.29,15.0,34.65,Cape_Verde,High,Direct
16.0,-24.0,2024-03-01 09:17:40.323326,8.049,407.5,6.74,15.0,35.33,Cape_Verde,High,Direct
16.0,-24.0,2024-01-31 09:17:40.323342,8.042,407.9,5.47,6.3,35.15,Cape_Verde,High,Direct
16.0,-24.0,2024-01-01 09:17:40.323359,8.045,407.7,6.17,6.3,35.02,Cape_Verde,High,Direct
16.0,-24.0,2023-12-02 09:17:40.323375,8.018,409.1,5.89,5.0,34.84,Cape_Verde,High,Direct
16.0,-24.0,2023-11-02 09:17:40.323392,8.036,408.2,6.68,6.3,34.41,Cape_Verde,High,Direct
16.0,-24.0,2023-10-03 09:17:40.323408,8.043,407.9,6.26,10.0,35.26,Cape_Verde,High,Direct
16.0,-24.0,2023-09-03 09:17:40.323424,8.07,406.5,7.36,15.0,34.22,Cape_Verde,High,Direct
16.0,-24.0,2023-08-04 09:17:40.323440,8.066,406.7,5.94,20.0,34.97,Cape_Verde,High,Direct
16.0,-24.0,2023-07-05 09:17:40.323457,8.077,406.1,6.54,23.7,34.98,Cape_Verde,High,Direct
16.0,-24.0,2023-06-05 09:17:40.323473,8.09,405.5,6.86,25.0,34.86,Cape_Verde,High,Direct
16.0,-24.0,2023-05-06 09:17:40.323490,8.073,406.3,6.94,23.7,35.3,Cape_Verde,High,Direct
16.0,-24.0,2023-04-06 09:17:40.323506,8.061,406.9,5.61,20.0,34.41,Cape_Verde,High,Direct
16.0,-24.0,2023-03-07 09:17:40.323522,8.057,407.2,5.61,15.0,34.92,Cape_Verde,High,Direct
16.0,-24.0,2023-02-05 09:17:40.323539,8.04,408.0,7.0,10.0,34.34,Cape_Verde,High,Direct
16.0,-24.0,2023-01-06 09:17:40.323555,8.018,409.1,6.29,6.3,35.32,Cape_Verde,High,Direct
16.0,-24.0,2022-12-07 09:17:40.323572,8.045,407.7,6.05,5.0,35.24,Cape_Verde,High,Direct
16.0,-24.0,2022-11-07 09:17:40.323588,8.026,408.7,6.13,6.3,35.28,Cape_Verde,High,Direct
16.0,-24.0,2022-10-08 09:17:40.323604,8.052,407.4,6.0,10.0,35.24,Cape_Verde,High,Direct
16.0,-24.0,2022-09-08 09:17:40.323621,8.035,408.2,6.4,15.0,34.43,Cape_Verde,High,Direct
16.0,-24.0,2022-08-09 09:17:40.323637,8.056,407.2,5.86,20.0,35.28,Cape_Verde,High,Direct
16.0,-24.0,2022-07-10 09:17:40.323656,8.077,406.2,6.15,23.7,35.19,Cape_Verde,High,Direct
16.0,-24.0,2022-06-10 09:17:40.323673,8.076,406.2,6.44,25.0,36.08,Cape_Verde,High,Direct
16.0,-24.0,2022-05-11 09:17:40.323689,8.062,406.9,6.51,23.7,34.81,Cape_Verde,High,Direct
16.0,-24.0,2022-04-11 09:17:40.323705,8.06,407.0,6.58,20.0,34.85,Cape_Verde,High,Direct
16.0,-24.0,2022-03-12 09:17:40.323722,8.045,407.8,6.56,15.0,35.59,Cape_Verde,High,Direct
16.0,-24.0,2022-02-10 09:17:40.323738,8.052,407.4,6.6,10.0,34.63,Cape_Verde,High,Direct
16.0,-24.0,2022-01-11 09:17:40.323755,8.037,408.1,7.04,6.3,35.6,Cape_Verde,High,Direct
16.0,-24.0,2021-12-12 09:17:40.323771,8.036,408.2,6.32,5.0,34.9,Cape_Verde,High,Direct
16.0,-24.0,2021-11-12 09:17:40.323787,8.043,407.9,6.84,6.3,34.12,Cape_Verde,High,Direct
16.0,-24.0,2021-10-13 09:17:40.323803,8.049,407.6,6.86,10.0,34.56,Cape_Verde,High,Direct
16.0,-24.0,2021-09-13 09:17:40.323819,8.045,407.8,6.12,15.0,34.66,Cape_Verde,High,Direct
16.0,-24.0,2021-08-14 09:17:40.323836,8.048,407.6,6.66,20.0,34.61,Cape_Verde,High,Direct
16.0,-24.0,2021-07-15 09:17:40.323852,8.068,406.6,6.25,23.7,35.13,Cape_Verde,High,Direct
16.0,-24.0,2021-06-15 09:17:40.323868,8.062,406.9,6.62,25.0,35.19,Cape_Verde,High,Direct
16.0,-24.0,2021-05-16 09:17:40.323884,8.077,406.1,7.48,23.7,33.95,Cape_Verde,High,Direct
16.0,-24.0,2021-04-16 09:17:40.323901,8.065,406.8,6.15,20.0,34.04,Cape_Verde,High,Direct
16.0,-24.0,2021-03-17 09:17:40.323918,8.06,407.0,7.17,15.0,34.8,Cape_Verde,High,Direct
16.0,-24.0,2021-02-15 09:17:40.323934,8.043,407.8,6.47,10.0,35.22,Cape_Verde,High,Direct
16.0,-24.0,2021-01-16 09:17:40.323951,8.042,407.9,6.67,6.3,35.17,Cape_Verde,High,Direct
16.0,-24.0,2020-12-17 09:17:40.323967,8.043,407.8,6.42,5.0,35.46,Cape_Verde,High,Direct
16.0,-24.0,2020-11-17 09:17:40.323983,8.025,408.8,7.3,6.3,35.37,Cape_Verde,High,Direct
16.0,-24.0,2020-10-18 09:17:40.324000,8.036,408.2,5.44,10.0,35.0,Cape_Verde,High,Direct
16.0,-24.0,2020-09-18 09:17:40.324016,8.038,408.1,6.65,15.0,35.73,Cape_Verde,High,Direct
15.0,65.0,2025-07-24 09:17:40.324033,8.049,407.6,6.41,23.7,35.17,Arabian_Sea,High,Direct
15.0,65.0,2025-06-24 09:17:40.324049,8.053,407.4,5.32,25.0,35.12,Arabian_Sea,High,Direct
15.0,65.0,2025-05-25 09:17:40.324065,8.053,407.3,6.37,23.7,35.49,Arabian_Sea,High,Direct
15.0,65.0,2025-04-25 09:17:40.324082,8.038,408.1,6.88,20.0,36.14,Arabian_Sea,High,Direct
15.0,65.0,2025-03-26 09:17:40.324098,8.028,408.6,5.53,15.0,34.83,Arabian_Sea,High,Direct
15.0,65.0,2025-02-24 09:17:40.324115,8.002,409.9,6.81,10.0,35.65,Arabian_Sea,High,Direct
15.0,65.0,2025-01-25 09:17:40.324131,8.019,409.1,6.66,6.3,34.68,Arabian_Sea,High,Direct
15.0,65.0,2024-12-26 09:17:40.324148,8.025,408.8,6.88,5.0,35.14,Arabian_Sea,High,Direct
15.0,65.0,2024-11-26 09:17:40.324164,8.013,409.3,6.56,6.3,35.23,Arabian_Sea,High,Direct
15.0,65.0,2024-10-27 09:17:40.324180,8.012,409.4,7.26,10.0,35.08,Arabian_Sea,High,Direct
15.0,65.0,2024-09-27 09:17:40.324197,8.034,408.3,6.28,15.0,35.19,Arabian_Sea,High,Direct
15.0,65.0,2024-08-28 09:17:40.324214,8.015,409.2,5.94,20.0,34.98,Arabian_Sea,High,Direct
15.0,65.0,2024-07-29 09:17:40.324230,8.032,408.4,7.72,23.7,34.17,Arabian_Sea,High,Direct
15.0,65.0,2024-06-29 09:17:40.324246,8.051,407.4,7.33,25.0,35.24,Arabian_Sea,High,Direct
15.0,65.0,2024-05-30 09:17:40.324262,8.042,407.9,6.22,23.7,35.34,Arabian_Sea,High,Direct
15.0,65.0,2024-04-30 09:17:40.324279,8.029,408.5,6.44,20.0,35.35,Arabian_Sea,High,Direct
15.0,65.0,2024-03-31 09:17:40.324295,8.024,408.8,6.54,15.0,34.85,Arabian_Sea,High,Direct
15.0,65.0,2024-03-01 09:17:40.324311,8.017,409.1,7.09,15.0,35.7,Arabian_Sea,High,Direct
15.0,65.0,2024-01-31 09:17:40.324327,8.007,409.7,6.37,6.3,34.91,Arabian_Sea,High,Direct
15.0,65.0,2024-01-01 09:17:40.324344,8.015,409.3,6.05,6.3,34.96,Arabian_Sea,High,Direct
15.0,65.0,2023-12-02 09:17:40.324360,8.009,409.5,6.82,5.0,33.61,Arabian_Sea,High,Direct
15.0,65.0,2023-11-02 09:17:40.324376,8.013,409.3,6.67,6.3,35.5,Arabian_Sea,High,Direct
15.0,65.0,2023-10-03 09:17:40.324392,8.011,409.4,6.24,10.0,35.6,Arabian_Sea,High,Direct
15.0,65.0,2023-09-03 09:17:40.324409,8.011,409.5,7.31,15.0,36.28,Arabian_Sea,High,Direct
15.0,65.0,2023-08-04 09:17:40.324425,8.041,408.0,6.91,20.0,34.26,Arabian_Sea,High,Direct
15.0,65.0,2023-07-05 09:17:40.324441,8.036,408.2,7.03,23.7,35.18,Arabian_Sea,High,Direct
15.0,65.0,2023-06-05 09:17:40.324458,8.044,407.8,6.62,25.0,35.25,Arabian_Sea,High,Direct
15.0,65.0,2023-05-06 09:17:40.324474,8.04,408.0,6.49,23.7,34.98,Arabian_Sea,High,Direct
15.0,65.0,2023-04-06 09:17:40.324490,8.025,408.8,6.66,20.0,35.9,Arabian_Sea,High,Direct
15.0,65.0,2023-03-07 09:17:40.324507,8.042,407.9,5.76,15.0,35.29,Arabian_Sea,High,Direct
15.0,65.0,2023-02-05 09:17:40.324523,8.022,408.9,6.29,10.0,34.52,Arabian_Sea,High,Direct
15.0,65.0,2023-01-06 09:17:40.324539,7.994,410.3,6.28,6.3,35.18,Arabian_Sea,High,Direct
15.0,65.0,2022-12-07 09:17:40.324555,8.003,409.8,6.19,5.0,34.38,Arabian_Sea,High,Direct
15.0,65.0,2022-11-07 09:17:40.324572,8.011,409.5,7.03,6.3,34.54,Arabian_Sea,High,Direct
15.0,65.0,2022-10-08 09:17:40.324588,8.019,409.1,5.56,10.0,34.67,Arabian_Sea,High,Direct
15.0,65.0,2022-09-08 09:17:40.324612,8.031,408.4,5.94,15.0,34.7,Arabian_Sea,High,Direct
15.0,65.0,2022-08-09 09:17:40.324629,8.048,407.6,6.13,20.0,34.57,Arabian_Sea,High,Direct
15.0,65.0,2022-07-10 09:17:40.324645,8.047,407.7,7.48,23.7,34.88,Arabian_Sea,High,Direct
15.0,65.0,2022-06-10 09:17:40.324661,8.051,407.4,7.17,25.0,35.16,Arabian_Sea,High,Direct
15.0,65.0,2022-05-11 09:17:40.324677,8.038,408.1,6.06,23.7,34.29,Arabian_Sea,High,Direct
15.0,65.0,2022-04-11 09:17:40.324694,8.044,407.8,6.59,20.0,35.67,Arabian_Sea,High,Direct
15.0,65.0,2022-03-12 09:17:40.324710,8.033,408.3,6.19,15.0,34.41,Arabian_Sea,High,Direct
15.0,65.0,2022-02-10 09:17:40.324727,8.017,409.1,6.18,10.0,35.19,Arabian_Sea,High,Direct
15.0,65.0,2022-01-11 09:17:40.324743,7.998,410.1,6.07,6.3,34.93,Arabian_Sea,High,Direct
15.0,65.0,2021-12-12 09:17:40.324759,8.012,409.4,6.65,5.0,35.59,Arabian_Sea,High,Direct
15.0,65.0,2021-11-12 09:17:40.324776,7.993,410.4,5.97,6.3,34.96,Arabian_Sea,High,Direct
15.0,65.0,2021-10-13 09:17:40.324792,8.034,408.3,6.84,10.0,34.47,Arabian_Sea,High,Direct
15.0,65.0,2021-09-13 09:17:40.324808,8.021,408.9,6.61,15.0,34.72,Arabian_Sea,High,Direct
15.0,65.0,2021-08-14 09:17:40.324825,8.038,408.1,6.42,20.0,34.85,Arabian_Sea,High,Direct
15.0,65.0,2021-07-15 09:17:40.324841,8.052,407.4,5.65,23.7,34.52,Arabian_Sea,High,Direct
15.0,65.0,2021-06-15 09:17:40.324857,8.033,408.3,6.08,25.0,34.64,Arabian_Sea,High,Direct
15.0,65.0,2021-05-16 09:17:40.324874,8.044,407.8,7.05,23.7,35.46,Arabian_Sea,High,Direct
15.0,65.0,2021-04-16 09:17:40.324890,8.021,408.9,6.45,20.0,35.23,Arabian_Sea,High,Direct
15.0,65.0,2021-03-17 09:17:40.324907,8.024,408.8,7.15,15.0,34.66,Arabian_Sea,High,Direct
15.0,65.0,2021-02-15 09:17:40.324923,8.013,409.4,6.3,10.0,35.13,Arabian_Sea,High,Direct
15.0,65.0,2021-01-16 09:17:40.324939,7.993,410.4,6.04,6.3,34.63,Arabian_Sea,High,Direct
15.0,65.0,2020-12-17 09:17:40.324956,7.995,410.2,7.27,5.0,35.59,Arabian_Sea,High,Direct
15.0,65.0,2020-11-17 09:17:40.324972,8.001,409.9,6.59,6.3,34.2,Arabian_Sea,High,Direct
15.0,65.0,2020-10-18 09:17:40.324989,8.009,409.6,6.58,10.0,35.57,Arabian_Sea,High,Direct
15.0,65.0,2020-09-18 09:17:40.325005,8.023,408.8,6.72,15.0,35.15,Arabian_Sea,High,Direct
-50.0,140.0,2025-07-24 09:17:40.325022,8.17,401.5,5.8,23.7,34.79,Southern_Ocean,High,Direct
-50.0,140.0,2025-06-24 09:17:40.325038,8.184,400.8,6.91,25.0,35.25,Southern_Ocean,High,Direct
-50.0,140.0,2025-05-25 09:17:40.325054,8.168,401.6,6.83,23.7,34.53,Southern_Ocean,High,Direct
-50.0,140.0,2025-04-25 09:17:40.325071,8.144,402.8,6.31,20.0,35.27,Southern_Ocean,High,Direct
-50.0,140.0,2025-03-26 09:17:40.325087,8.15,402.5,7.01,15.0,35.18,Southern_Ocean,High,Direct
-50.0,140.0,2025-02-24 09:17:40.325103,8.14,403.0,7.16,10.0,35.57,Southern_Ocean,High,Direct
-50.0,140.0,2025-01-25 09:17:40.325120,8.131,403.5,5.95,6.3,34.55,Southern_Ocean,High,Direct
-50.0,140.0,2024-12-26 09:17:40.325136,8.127,403.6,6.32,5.0,35.83,Southern_Ocean,High,Direct
-50.0,140.0,2024-11-26 09:17:40.325152,8.115,404.3,6.47,6.3,34.47,Southern_Ocean,High,Direct
-50.0,140.0,2024-10-27 09:17:40.325168,8.14,403.0,6.69,10.0,34.8,Southern_Ocean,High,Direct
-50.0,140.0,2024-09-27 09:17:40.325185,8.154,402.3,6.4,15.0,34.91,Southern_Ocean,High,Direct
-50.0,140.0,2024-08-28 09:17:40.325201,8.154,402.3,6.83,20.0,35.07,Southern_Ocean,High,Direct
-50.0,140.0,2024-07-29 09:17:40.325218,8.181,400.9,7.14,23.7,35.28,Southern_Ocean,High,Direct
-50.0,140.0,2024-06-29 09:17:40.325234,8.146,402.7,5.76,25.0,35.49,Southern_Ocean,High,Direct
-50.0,140.0,2024-05-30 09:17:40.325251,8.16,402.0,6.62,23.7,34.68,Southern_Ocean,High,Direct
-50.0,140.0,2024-04-30 09:17:40.325267,8.163,401.9,6.98,20.0,34.4,Southern_Ocean,High,Direct
-50.0,140.0,2024-03-31 09:17:40.325284,8.139,403.0,5.67,15.0,35.12,Southern_Ocean,High,Direct
-50.0,140.0,2024-03-01 09:17:40.325300,8.131,403.5,6.32,15.0,35.26,Southern_Ocean,High,Direct
-50.0,140.0,2024-01-31 09:17:40.325316,8.15,402.5,6.68,6.3,35.63,Southern_Ocean,High,Direct
-50.0,140.0,2024-01-01 09:17:40.325332,8.132,403.4,6.65,6.3,34.89,Southern_Ocean,High,Direct
-50.0,140.0,2023-12-02 09:17:40.325349,8.123,403.9,7.09,5.0,35.19,Southern_Ocean,High,Direct
-50.0,140.0,2023-11-02 09:17:40.325365,8.133,403.4,6.2,6.3,34.83,Southern_Ocean,High,Direct
-50.0,140.0,2023-10-03 09:17:40.325381,8.157,402.1,6.47,10.0,35.66,Southern_Ocean,High,Direct
-50.0,140.0,2023-09-03 09:17:40.325398,8.141,403.0,6.9,15.0,35.14,Southern_Ocean,High,Direct
-50.0,140.0,2023-08-04 09:17:40.325414,8.152,402.4,6.82,20.0,34.23,Southern_Ocean,High,Direct
-50.0,140.0,2023-07-05 09:17:40.325431,8.169,401.6,6.89,23.7,35.14,Southern_Ocean,High,Direct
-50.0,140.0,2023-06-05 09:17:40.325447,8.179,401.1,6.47,25.0,34.93,Southern_Ocean,High,Direct
-50.0,140.0,2023-05-06 09:17:40.325463,8.166,401.7,6.93,23.7,35.28,Southern_Ocean,High,Direct
-50.0,140.0,2023-04-06 09:17:40.325479,8.153,402.3,6.0,20.0,35.33,Southern_Ocean,High,Direct
-50.0,140.0,2023-03-07 09:17:40.325496,8.137,403.1,6.09,15.0,34.67,Southern_Ocean,High,Direct
-50.0,140.0,2023-02-05 09:17:40.325512,8.136,403.2,6.1,10.0,34.43,Southern_Ocean,High,Direct
-50.0,140.0,2023-01-06 09:17:40.325529,8.121,404.0,6.41,6.3,35.23,Southern_Ocean,High,Direct
-50.0,140.0,2022-12-07 09:17:40.325545,8.125,403.7,5.96,5.0,35.11,Southern_Ocean,High,Direct
-50.0,140.0,2022-11-07 09:17:40.325562,8.13,403.5,6.27,6.3,34.6,Southern_Ocean,High,Direct
-50.0,140.0,2022-10-08 09:17:40.325578,8.126,403.7,6.23,10.0,36.11,Southern_Ocean,High,Direct
-50.0,140.0,2022-09-08 09:17:40.325594,8.135,403.2,6.63,15.0,34.64,Southern_Ocean,High,Direct
-50.0,140.0,2022-08-09 09:17:40.325611,8.149,402.6,6.15,20.0,35.4,Southern_Ocean,High,Direct
-50.0,140.0,2022-07-10 09:17:40.325627,8.165,401.8,6.44,23.7,35.25,Southern_Ocean,High,Direct
-50.0,140.0,2022-06-10 09:17:40.325643,8.171,401.4,6.07,25.0,35.27,Southern_Ocean,High,Direct
-50.0,140.0,2022-05-11 09:17:40.325660,8.154,402.3,6.92,23.7,35.37,Southern_Ocean,High,Direct
-50.0,140.0,2022-04-11 09:17:40.325676,8.157,402.1,6.4,20.0,34.74,Southern_Ocean,High,Direct
-50.0,140.0,2022-03-12 09:17:40.325692,8.141,403.0,6.88,15.0,34.66,Southern_Ocean,High,Direct
-50.0,140.0,2022-02-10 09:17:40.325708,8.133,403.3,5.63,10.0,35.13,Southern_Ocean,High,Direct
-50.0,140.0,2022-01-11 09:17:40.325725,8.115,404.2,5.84,6.3,35.26,Southern_Ocean,High,Direct
-50.0,140.0,2021-12-12 09:17:40.325741,8.125,403.8,6.28,5.0,34.85,Southern_Ocean,High,Direct
-50.0,140.0,2021-11-12 09:17:40.325757,8.148,402.6,6.4,6.3,34.9,Southern_Ocean,High,Direct
-50.0,140.0,2021-10-13 09:17:40.325773,8.139,403.1,6.54,10.0,35.49,Southern_Ocean,High,Direct
-50.0,140.0,2021-09-13 09:17:40.325790,8.145,402.8,6.88,15.0,35.22,Southern_Ocean,High,Direct
-50.0,140.0,2021-08-14 09:17:40.325806,8.158,402.1,6.48,20.0,35.11,Southern_Ocean,High,Direct
-50.0,140.0,2021-07-15 09:17:40.325822,8.156,402.2,6.8,23.7,34.33,Southern_Ocean,High,Direct
-50.0,140.0,2021-06-15 09:17:40.325838,8.169,401.6,7.0,25.0,35.37,Southern_Ocean,High,Direct
-50.0,140.0,2021-05-16 09:17:40.325855,8.158,402.1,6.75,23.7,34.61,Southern_Ocean,High,Direct
-50.0,140.0,2021-04-16 09:17:40.325872,8.16,402.0,5.95,20.0,35.3,Southern_Ocean,High,Direct
-50.0,140.0,2021-03-17 09:17:40.325929,8.146,402.7,6.7,15.0,34.78,Southern_Ocean,High,Direct
-50.0,140.0,2021-02-15 09:17:40.325945,8.139,403.1,5.58,10.0,35.39,Southern_Ocean,High,Direct
-50.0,140.0,2021-01-16 09:17:40.325962,8.125,403.7,7.03,6.3,35.1,Southern_Ocean,High,Direct
-50.0,140.0,2020-12-17 09:17:40.325978,8.139,403.0,6.03,5.0,35.3,Southern_Ocean,High,Direct
-50.0,140.0,2020-11-17 09:17:40.325994,8.114,404.3,6.44,6.3,35.37,Southern_Ocean,High,Direct
-50.0,140.0,2020-10-18 09:17:40.326020,8.137,403.2,7.54,10.0,34.82,Southern_Ocean,High,Direct
-50.0,140.0,2020-09-18 09:17:40.326076,8.153,402.3,6.37,15.0,34.65,Southern_Ocean,High,Direct
-80.0,-180.0,2025-07-24 09:17:40.326108,8.038,408.1,6.63,-20.0,34.48,Grid_-80_-180,Interpolated,Modeled
-80.0,-150.0,2025-07-24 09:17:40.326119,8.137,403.2,6.08,-20.0,34.52,Grid_-80_-150,Interpolated,Modeled
-80.0,-120.0,2025-07-24 09:17:40.326128,8.077,406.1,7.88,-20.0,33.91,Grid_-80_-120,Interpolated,Modeled
-80.0,-90.0,2025-07-24 09:17:40.326134,8.14,403.0,7.2,-20.0,34.78,Grid_-80_-90,Interpolated,Modeled
-80.0,-60.0,2025-07-24 09:17:40.326141,8.084,405.8,6.27,-20.0,37.37,Grid_-80_-60,Interpolated,Modeled
-80.0,-30.0,2025-07-24 09:17:40.326183,8.118,404.1,6.56,-20.0,34.67,Grid_-80_-30,Interpolated,Modeled
-80.0,0.0,2025-07-24 09:17:40.326190,8.036,408.2,6.29,-20.0,35.23,Grid_-80_0,Interpolated,Modeled
-80.0,30.0,2025-07-24 09:17:40.326196,8.15,402.5,6.89,-20.0,34.81,Grid_-80_30,Interpolated,Modeled
-80.0,60.0,2025-07-24 09:17:40.326201,8.071,406.4,6.76,-20.0,34.62,Grid_-80_60,Interpolated,Modeled
-80.0,90.0,2025-07-24 09:17:40.326207,8.134,403.3,7.8,-20.0,34.64,Grid_-80_90,Interpolated,Modeled
-80.0,120.0,2025-07-24 09:17:40.326213,8.094,405.3,7.2,-20.0,35.54,Grid_-80_120,Interpolated,Modeled
-80.0,150.0,2025-07-24 09:17:40.326218,8.122,403.9,6.77,-20.0,34.78,Grid_-80_150,Interpolated,Modeled
-80.0,180.0,2025-07-24 09:17:40.326224,8.107,404.7,5.93,-20.0,36.13,Grid_-80_180,Interpolated,Modeled
-60.0,-180.0,2025-07-24 09:17:40.326230,8.101,405.0,6.24,-10.0,36.17,Grid_-60_-180,Interpolated,Modeled
-60.0,-150.0,2025-07-24 09:17:40.326236,8.123,403.9,6.55,-10.0,34.93,Grid_-60_-150,Interpolated,Modeled
-60.0,-120.0,2025-07-24 09:17:40.326242,8.038,408.1,6.94,-10.0,36.44,Grid_-60_-120,Interpolated,Modeled
-60.0,-90.0,2025-07-24 09:17:40.326247,8.106,404.7,7.18,-10.0,34.91,Grid_-60_-90,Interpolated,Modeled
-60.0,-60.0,2025-07-24 09:17:40.326253,8.048,407.6,7.3,-10.0,36.69,Grid_-60_-60,Interpolated,Modeled
-60.0,-30.0,2025-07-24 09:17:40.326258,8.104,404.8,6.67,-10.0,33.56,Grid_-60_-30,Interpolated,Modeled
-60.0,0.0,2025-07-24 09:17:40.326264,8.069,406.5,6.89,-10.0,36.75,Grid_-60_0,Interpolated,Modeled
-60.0,30.0,2025-07-24 09:17:40.326269,8.151,402.4,7.81,-10.0,34.47,Grid_-60_30,Interpolated,Modeled
-60.0,60.0,2025-07-24 09:17:40.326275,8.065,406.7,5.17,-10.0,34.28,Grid_-60_60,Interpolated,Modeled
-60.0,90.0,2025-07-24 09:17:40.326280,8.091,405.5,6.79,-10.0,34.3,Grid_-60_90,Interpolated,Modeled
-60.0,120.0,2025-07-24 09:17:40.326285,8.048,407.6,6.22,-10.0,33.82,Grid_-60_120,Interpolated,Modeled
-60.0,150.0,2025-07-24 09:17:40.326291,8.126,403.7,6.73,-10.0,34.68,Grid_-60_150,Interpolated,Modeled
-60.0,180.0,2025-07-24 09:17:40.326296,8.055,407.2,5.43,-10.0,35.56,Grid_-60_180,Interpolated,Modeled
-40.0,-180.0,2025-07-24 09:17:40.326302,8.035,408.3,6.87,0.0,34.69,Grid_-40_-180,Interpolated,Modeled
-40.0,-150.0,2025-07-24 09:17:40.326308,8.076,406.2,7.65,0.0,34.4,Grid_-40_-150,Interpolated,Modeled
-40.0,-120.0,2025-07-24 09:17:40.326314,8.024,408.8,7.1,0.0,35.3,Grid_-40_-120,Interpolated,Modeled
-40.0,-90.0,2025-07-24 09:17:40.326319,8.039,408.0,5.15,0.0,34.34,Grid_-40_-90,Interpolated,Modeled
-40.0,-60.0,2025-07-24 09:17:40.326325,8.048,407.6,7.04,0.0,35.52,Grid_-40_-60,Interpolated,Modeled
-40.0,-30.0,2025-07-24 09:17:40.326330,8.093,405.4,5.72,0.0,35.6,Grid_-40_-30,Interpolated,Modeled
-40.0,0.0,2025-07-24 09:17:40.326336,8.012,409.4,7.26,0.0,34.49,Grid_-40_0,Interpolated,Modeled
-40.0,30.0,2025-07-24 09:17:40.326347,8.086,405.7,5.0,0.0,33.65,Grid_-40_30,Interpolated,Modeled
-40.0,60.0,2025-07-24 09:17:40.326353,8.052,407.4,7.05,0.0,33.78,Grid_-40_60,Interpolated,Modeled
-40.0,90.0,2025-07-24 09:17:40.326382,8.106,404.7,5.63,0.0,35.02,Grid_-40_90,Interpolated,Modeled
-40.0,120.0,2025-07-24 09:17:40.326390,8.02,409.0,5.76,0.0,36.17,Grid_-40_120,Interpolated,Modeled
-40.0,150.0,2025-07-24 09:17:40.326396,8.114,404.3,6.64,0.0,36.53,Grid_-40_150,Interpolated,Modeled
-40.0,180.0,2025-07-24 09:17:40.326402,8.024,408.8,6.59,0.0,35.13,Grid_-40_180,Interpolated,Modeled
-20.0,-180.0,2025-07-24 09:17:40.326408,7.977,411.2,6.9,10.0,35.71,Grid_-20_-180,Interpolated,Modeled
-20.0,-150.0,2025-07-24 09:17:40.326414,8.047,407.7,5.15,10.0,35.37,Grid_-20_-150,Interpolated,Modeled
-20.0,-120.0,2025-07-24 09:17:40.326420,7.97,411.5,5.85,10.0,35.13,Grid_-20_-120,Interpolated,Modeled
-20.0,-90.0,2025-07-24 09:17:40.326426,8.035,408.3,6.7,10.0,34.77,Grid_-20_-90,Interpolated,Modeled
-20.0,-60.0,2025-07-24 09:17:40.326431,7.967,411.6,6.63,10.0,35.59,Grid_-20_-60,Interpolated,Modeled
-20.0,-30.0,2025-07-24 09:17:40.326437,8.07,406.5,6.21,10.0,34.94,Grid_-20_-30,Interpolated,Modeled
-20.0,0.0,2025-07-24 09:17:40.326442,7.97,411.5,8.07,10.0,36.51,Grid_-20_0,Interpolated,Modeled
-20.0,30.0,2025-07-24 09:17:40.326448,8.049,407.5,6.4,10.0,32.07,Grid_-20_30,Interpolated,Modeled
-20.0,60.0,2025-07-24 09:17:40.326453,8.021,409.0,6.95,10.0,35.81,Grid_-20_60,Interpolated,Modeled
-20.0,90.0,2025-07-24 09:17:40.326459,8.042,407.9,6.12,10.0,33.76,Grid_-20_90,Interpolated,Modeled
-20.0,120.0,2025-07-24 09:17:40.326464,8.016,409.2,7.5,10.0,36.12,Grid_-20_120,Interpolated,Modeled
-20.0,150.0,2025-07-24 09:17:40.326470,8.054,407.3,6.24,10.0,33.95,Grid_-20_150,Interpolated,Modeled
-20.0,180.0,2025-07-24 09:17:40.326475,7.986,410.7,6.87,10.0,34.72,Grid_-20_180,Interpolated,Modeled
0.0,-180.0,2025-07-24 09:17:40.326481,8.033,408.4,7.42,20.0,34.4,Grid_0_-180,Interpolated,Modeled
0.0,-150.0,2025-07-24 09:17:40.326487,8.026,408.7,6.06,20.0,36.07,Grid_0_-150,Interpolated,Modeled
0.0,-120.0,2025-07-24 09:17:40.326492,7.99,410.5,6.94,20.0,34.43,Grid_0_-120,Interpolated,Modeled
0.0,-90.0,2025-07-24 09:17:40.326498,8.057,407.2,6.92,20.0,35.99,Grid_0_-90,Interpolated,Modeled
0.0,-60.0,2025-07-24 09:17:40.326503,8.029,408.6,7.55,20.0,34.47,Grid_0_-60,Interpolated,Modeled
0.0,-30.0,2025-07-24 09:17:40.326509,8.047,407.6,5.56,20.0,34.76,Grid_0_-30,Interpolated,Modeled
0.0,0.0,2025-07-24 09:17:40.326515,8.0,410.0,6.18,20.0,34.5,Grid_0_0,Interpolated,Modeled
0.0,30.0,2025-07-24 09:17:40.326521,8.071,406.5,7.23,20.0,35.4,Grid_0_30,Interpolated,Modeled
0.0,60.0,2025-07-24 09:17:40.326527,7.974,411.3,6.66,20.0,34.62,Grid_0_60,Interpolated,Modeled
0.0,90.0,2025-07-24 09:17:40.326532,8.076,406.2,5.06,20.0,34.44,Grid_0_90,Interpolated,Modeled
0.0,120.0,2025-07-24 09:17:40.326538,7.988,410.6,6.13,20.0,35.96,Grid_0_120,Interpolated,Modeled
0.0,150.0,2025-07-24 09:17:40.326543,8.003,409.9,6.33,20.0,35.85,Grid_0_150,Interpolated,Modeled
0.0,180.0,2025-07-24 09:17:40.326549,8.02,409.0,6.06,20.0,34.32,Grid_0_180,Interpolated,Modeled
20.0,-180.0,2025-07-24 09:17:40.326555,8.007,409.7,6.62,10.0,35.07,Grid_20_-180,Interpolated,Modeled
20.0,-150.0,2025-07-24 09:17:40.326561,7.974,411.3,5.6,10.0,34.14,Grid_20_-150,Interpolated,Modeled
20.0,-120.0,2025-07-24 09:17:40.326566,8.013,409.4,5.35,10.0,33.95,Grid_20_-120,Interpolated,Modeled
20.0,-90.0,2025-07-24 09:17:40.326572,8.047,407.7,5.47,10.0,35.64,Grid_20_-90,Interpolated,Modeled
20.0,-60.0,2025-07-24 09:17:40.326577,7.992,410.4,7.97,10.0,34.37,Grid_20_-60,Interpolated,Modeled
20.0,-30.0,2025-07-24 09:17:40.326583,8.038,408.1,7.14,10.0,34.34,Grid_20_-30,Interpolated,Modeled
20.0,0.0,2025-07-24 09:17:40.326589,8.03,408.5,6.89,10.0,34.7,Grid_20_0,Interpolated,Modeled
20.0,30.0,2025-07-24 09:17:40.326594,8.047,407.7,8.78,10.0,35.49,Grid_20_30,Interpolated,Modeled
20.0,60.0,2025-07-24 09:17:40.326600,8.003,409.8,6.39,10.0,36.04,Grid_20_60,Interpolated,Modeled
20.0,90.0,2025-07-24 09:17:40.326605,8.02,409.0,6.36,10.0,32.17,Grid_20_90,Interpolated,Modeled
20.0,120.0,2025-07-24 09:17:40.326611,7.989,410.5,7.18,10.0,36.38,Grid_20_120,Interpolated,Modeled
20.0,150.0,2025-07-24 09:17:40.326616,8.062,406.9,7.01,10.0,33.28,Grid_20_150,Interpolated,Modeled
20.0,180.0,2025-07-24 09:17:40.326621,7.986,410.7,7.68,10.0,34.48,Grid_20_180,Interpolated,Modeled
40.0,-180.0,2025-07-24 09:17:40.326627,8.027,408.6,5.86,0.0,34.07,Grid_40_-180,Interpolated,Modeled
40.0,-150.0,2025-07-24 09:17:40.326632,8.071,406.5,5.97,0.0,35.96,Grid_40_-150,Interpolated,Modeled
40.0,-120.0,2025-07-24 09:17:40.326638,8.034,408.3,7.32,0.0,33.61,Grid_40_-120,Interpolated,Modeled
40.0,-90.0,2025-07-24 09:17:40.326643,8.105,404.8,6.52,0.0,36.84,Grid_40_-90,Interpolated,Modeled
40.0,-60.0,2025-07-24 09:17:40.326648,8.029,408.6,5.31,0.0,36.28,Grid_40_-60,Interpolated,Modeled
40.0,-30.0,2025-07-24 09:17:40.326654,8.077,406.1,4.78,0.0,35.15,Grid_40_-30,Interpolated,Modeled
40.0,0.0,2025-07-24 09:17:40.326660,8.035,408.3,7.36,0.0,31.41,Grid_40_0,Interpolated,Modeled
40.0,30.0,2025-07-24 09:17:40.326665,8.103,404.9,6.12,0.0,36.93,Grid_40_30,Interpolated,Modeled
40.0,60.0,2025-07-24 09:17:40.326670,7.996,410.2,6.94,0.0,35.41,Grid_40_60,Interpolated,Modeled
40.0,90.0,2025-07-24 09:17:40.326676,8.072,406.4,5.88,0.0,34.63,Grid_40_90,Interpolated,Modeled
40.0,120.0,2025-07-24 09:17:40.326681,8.023,408.8,5.5,0.0,35.99,Grid_40_120,Interpolated,Modeled
40.0,150.0,2025-07-24 09:17:40.326686,8.058,407.1,7.32,0.0,33.21,Grid_40_150,Interpolated,Modeled
40.0,180.0,2025-07-24 09:17:40.326692,8.026,408.7,6.37,0.0,34.98,Grid_40_180,Interpolated,Modeled
60.0,-180.0,2025-07-24 09:17:40.326697,8.089,405.5,6.34,-10.0,34.54,Grid_60_-180,Interpolated,Modeled
60.0,-150.0,2025-07-24 09:17:40.326703,8.116,404.2,7.28,-10.0,33.79,Grid_60_-150,Interpolated,Modeled
60.0,-120.0,2025-07-24 09:17:40.326709,8.05,407.5,4.93,-10.0,37.03,Grid_60_-120,Interpolated,Modeled
60.0,-90.0,2025-07-24 09:17:40.326714,8.097,405.2,4.99,-10.0,34.19,Grid_60_-90,Interpolated,Modeled
60.0,-60.0,2025-07-24 09:17:40.326719,8.058,407.1,7.67,-10.0,34.54,Grid_60_-60,Interpolated,Modeled
60.0,-30.0,2025-07-24 09:17:40.326725,8.126,403.7,5.07,-10.0,35.21,Grid_60_-30,Interpolated,Modeled
60.0,0.0,2025-07-24 09:17:40.326731,8.037,408.1,6.25,-10.0,34.24,Grid_60_0,Interpolated,Modeled
60.0,30.0,2025-07-24 09:17:40.326736,8.121,403.9,7.01,-10.0,33.66,Grid_60_30,Interpolated,Modeled
60.0,60.0,2025-07-24 09:17:40.326742,8.047,407.6,6.65,-10.0,35.69,Grid_60_60,Interpolated,Modeled
60.0,90.0,2025-07-24 09:17:40.326747,8.148,402.6,6.12,-10.0,33.51,Grid_60_90,Interpolated,Modeled
60.0,120.0,2025-07-24 09:17:40.326752,8.074,406.3,5.86,-10.0,34.08,Grid_60_120,Interpolated,Modeled
60.0,150.0,2025-07-24 09:17:40.326758,8.148,402.6,6.99,-10.0,34.27,Grid_60_150,Interpolated,Modeled
60.0,180.0,2025-07-24 09:17:40.326763,8.07,406.5,6.43,-10.0,35.17,Grid_60_180,Interpolated,Modeled
80.0,-180.0,2025-07-24 09:17:40.326769,8.062,406.9,4.98,-20.0,34.02,Grid_80_-180,Interpolated,Modeled
80.0,-150.0,2025-07-24 09:17:40.326774,8.109,404.5,6.52,-20.0,33.92,Grid_80_-150,Interpolated,Modeled
80.0,-120.0,2025-07-24 09:17:40.326780,8.074,406.3,6.19,-20.0,34.24,Grid_80_-120,Interpolated,Modeled
80.0,-90.0,2025-07-24 09:17:40.326785,8.095,405.3,6.86,-20.0,35.42,Grid_80_-90,Interpolated,Modeled
80.0,-60.0,2025-07-24 09:17:40.326791,8.086,405.7,6.94,-20.0,35.62,Grid_80_-60,Interpolated,Modeled
80.0,-30.0,2025-07-24 09:17:40.326796,8.128,403.6,5.09,-20.0,34.72,Grid_80_-30,Interpolated,Modeled
80.0,0.0,2025-07-24 09:17:40.326801,8.041,407.9,7.6,-20.0,34.99,Grid_80_0,Interpolated,Modeled
80.0,30.0,2025-07-24 09:17:40.326807,8.145,402.7,5.68,-20.0,34.91,Grid_80_30,Interpolated,Modeled
80.0,60.0,2025-07-24 09:17:40.326812,8.075,406.2,6.24,-20.0,35.19,Grid_80_60,Interpolated,Modeled
80.0,90.0,2025-07-24 09:17:40.326818,8.15,402.5,5.67,-20.0,32.36,Grid_80_90,Interpolated,Modeled
80.0,120.0,2025-07-24 09:17:40.326823,8.102,404.9,5.87,-20.0,36.12,Grid_80_120,Interpolated,Modeled
80.0,150.0,2025-07-24 09:17:40.326829,8.133,403.3,6.33,-20.0,35.38,Grid_80_150,Interpolated,Modeled
80.0,180.0,2025-07-24 09:17:40.326834,8.047,407.6,6.57,-20.0,35.59,Grid_80_180,Interpolated,Modeled
